"Plate","Well","Sample","Ct","dilution","Adj_Vol"
1,"A1","St1",20.1342849731445,NA,NA
1,"A2","St1",20.1247463226318,NA,NA
1,"A3","St1",20.0854835510254,NA,NA
1,"A4","0321.1Prt.Dn.1",NA,100,2.01
1,"A5","0321.1Prt.Dn.1",NA,100,2.01
1,"A6","0321.1Prt.Dn.1",NA,100,2.01
1,"A7","0321.2Brn.Dn.3",33.2118682861328,1,2
1,"A8","0321.2Brn.Dn.3",33.2286720275879,1,2
1,"A9","0321.2Brn.Dn.3",32.5608558654785,1,2
1,"B1","St2",23.2234363555908,NA,NA
1,"B2","St2",23.302978515625,NA,NA
1,"B3","St2",23.3272380828857,NA,NA
1,"B4","0321.1Prt.Dn.2",NA,100,2.01
1,"B5","0321.1Prt.Dn.2",NA,100,2.01
1,"B6","0321.1Prt.Dn.2",NA,100,2.01
1,"B10","0321.3Chk.Up.3",NA,10,2.02
1,"B11","0321.3Chk.Up.3",37.0596199035645,10,2.02
1,"B12","0321.3Chk.Up.3",NA,10,2.02
1,"C1","St3",26.6660957336426,NA,NA
1,"C2","St3",26.739818572998,NA,NA
1,"C3","St3",26.9405384063721,NA,NA
1,"C4","0321.1Prt.Dn.3",36.7558746337891,100,2
1,"C5","0321.1Prt.Dn.3",37.6546211242676,100,2
1,"C6","0321.1Prt.Dn.3",NA,100,2
1,"D1","St4",30.067008972168,NA,NA
1,"D2","St4",30.2194633483887,NA,NA
1,"D3","St4",30.3954048156738,NA,NA
1,"E1","St5",33.2357025146484,NA,NA
1,"E2","St5",34.094612121582,NA,NA
1,"E3","St5",34.3691024780273,NA,NA
1,"E4","0321.1Prt.Up.2",34.1763954162598,100,1.99
1,"E5","0321.1Prt.Up.2",33.6122512817383,100,1.99
1,"E6","0321.1Prt.Up.2",35.4922256469727,100,1.99
1,"E7","0321.3Chk.Dn.1",36.6788330078125,10,2.03
1,"E8","0321.3Chk.Dn.1",NA,10,2.03
1,"E9","0321.3Chk.Dn.1",37.3607139587402,10,2.03
1,"F1","St6",34.6360664367676,NA,NA
1,"F2","St6",35.8769416809082,NA,NA
1,"F3","St6",34.996166229248,NA,NA
1,"F4","0321.1Prt.Up.3",NA,100,1.99
1,"F5","0321.1Prt.Up.3",NA,100,1.99
1,"F6","0321.1Prt.Up.3",NA,100,1.99
1,"F7","0321.3Chk.Dn.2",33.7808227539062,1,2
1,"F8","0321.3Chk.Dn.2",33.8706321716309,1,2
1,"F9","0321.3Chk.Dn.2",33.2807579040527,1,2
1,"G1","St6",34.3603286743164,NA,NA
1,"G2","St6",34.8642387390137,NA,NA
1,"G3","St6",36.8888320922852,NA,NA
1,"G4","0321.2Brn.Dn.1",31.1462593078613,1,1.99
1,"G5","0321.2Brn.Dn.1",30.5725250244141,1,1.99
1,"G6","0321.2Brn.Dn.1",30.9686946868896,1,1.99
1,"G7","0321.3Chk.Dn.3",36.4805335998535,10,2.01
1,"G8","0321.3Chk.Dn.3",36.7302398681641,10,2.01
1,"G9","0321.3Chk.Dn.3",NA,10,2.01
1,"H4","0321.2Brn.Dn.2",34.0580825805664,1,1.94
1,"H5","0321.2Brn.Dn.2",35.1206893920898,1,1.94
1,"H6","0321.2Brn.Dn.2",34.2606506347656,1,1.94
1,"H7","0321.3Chk.Up.1",35.8698501586914,10,2.01
1,"H8","0321.3Chk.Up.1",34.9012870788574,10,2.01
1,"H9","0321.3Chk.Up.1",37.1122283935547,10,2.01
2,"A1","St1",20.2147579193115,NA,NA
2,"A2","St1",20.180570602417,NA,NA
2,"A3","St1",20.135103225708,NA,NA
2,"B1","St2",23.3653259277344,NA,NA
2,"B2","St2",23.4221630096436,NA,NA
2,"B3","St2",23.3664703369141,NA,NA
2,"C1","St3",26.833459854126,NA,NA
2,"C2","St3",26.860179901123,NA,NA
2,"C3","St3",26.8369903564453,NA,NA
2,"C4","0421.1Prt.Dn.1",34.0798606872559,100,1.97
2,"C5","0421.1Prt.Dn.1",34.099723815918,100,1.97
2,"C6","0421.1Prt.Dn.1",34.4100151062012,100,1.97
2,"D1","St4",29.8712768554688,NA,NA
2,"D2","St4",30.0952339172363,NA,NA
2,"D3","St4",30.1999340057373,NA,NA
2,"D4","0421.1Prt.Dn.2",37.3017845153809,100,1.97
2,"D5","0421.1Prt.Dn.2",35.4154853820801,100,1.97
2,"D6","0421.1Prt.Dn.2",36.758373260498,100,1.97
2,"E1","St5",33.8803100585938,NA,NA
2,"E2","St5",33.8617210388184,NA,NA
2,"E3","St5",33.3476829528809,NA,NA
2,"F1","St6",35.5642242431641,NA,NA
2,"F2","St6",35.4500503540039,NA,NA
2,"F3","St6",34.2955474853516,NA,NA
2,"G1","St6",34.9073715209961,NA,NA
2,"G2","St6",35.5720252990723,NA,NA
2,"G3","St6",35.1457443237305,NA,NA
3,"A1","St1",22.3887786865234,NA,NA
3,"A2","St1",22.2963771820068,NA,NA
3,"A3","St1",22.2397975921631,NA,NA
3,"A7","0521.1Prt.Up.2",34.8366470336914,10,2.02
3,"A8","0521.1Prt.Up.2",33.8421745300293,10,2.02
3,"A9","0521.1Prt.Up.2",33.690185546875,10,2.02
3,"A10","0521.3Chk.Dn.1",38.2945671081543,100,2.02333333333333
3,"A11","0521.3Chk.Dn.1",NA,100,2.02333333333333
3,"A12","0521.3Chk.Dn.1",NA,100,2.02333333333333
3,"B1","St2",25.5281829833984,NA,NA
3,"B2","St2",25.5578098297119,NA,NA
3,"B3","St2",25.4898357391357,NA,NA
3,"B7","0521.1Prt.Up.3",33.5551834106445,10,2.02
3,"B8","0521.1Prt.Up.3",34.042366027832,10,2.02
3,"B9","0521.1Prt.Up.3",35.288703918457,10,2.02
3,"B10","0521.3Chk.Dn.2",34.7987365722656,10,2.02333333333333
3,"B11","0521.3Chk.Dn.2",35.2992515563965,10,2.02333333333333
3,"B12","0521.3Chk.Dn.2",35.7068824768066,10,2.02333333333333
3,"C1","St3",28.9750747680664,NA,NA
3,"C2","St3",29.0636978149414,NA,NA
3,"C3","St3",28.9659576416016,NA,NA
3,"C10","0521.3Chk.Dn.3",35.9656257629395,100,2.02333333333333
3,"C11","0521.3Chk.Dn.3",NA,100,2.02333333333333
3,"C12","0521.3Chk.Dn.3",NA,100,2.02333333333333
3,"D1","St4",32.2463798522949,NA,NA
3,"D2","St4",32.2900924682617,NA,NA
3,"D3","St4",32.3140449523926,NA,NA
3,"D7","0521.2Brn.Dn.2",33.896411895752,1,2.01
3,"D8","0521.2Brn.Dn.2",33.2729606628418,1,2.01
3,"D9","0521.2Brn.Dn.2",34.1611251831055,1,2.01
3,"D10","0521.3Chk.Up.1",NA,100,2.13
3,"D11","0521.3Chk.Up.1",NA,100,2.13
3,"D12","0521.3Chk.Up.1",NA,100,2.13
3,"E1","St5",35.4658546447754,NA,NA
3,"E2","St5",35.382640838623,NA,NA
3,"E3","St5",35.4913864135742,NA,NA
3,"E4","0521.1Prt.Dn.1",36.2042503356934,10,2.02
3,"E5","0521.1Prt.Dn.1",36.7213706970215,10,2.02
3,"E6","0521.1Prt.Dn.1",36.9738159179688,10,2.02
3,"E7","0521.2Brn.Dn.3",33.0114402770996,1,2.01
3,"E8","0521.2Brn.Dn.3",33.1084060668945,1,2.01
3,"E9","0521.2Brn.Dn.3",32.9464263916016,1,2.01
3,"E10","0521.3Chk.Up.2",35.5440444946289,10,1.93
3,"E11","0521.3Chk.Up.2",35.7311744689941,10,1.93
3,"E12","0521.3Chk.Up.2",35.2154731750488,10,1.93
3,"F1","St6",37.3136940002441,NA,NA
3,"F2","St6",37.1595268249512,NA,NA
3,"F3","St6",36.4008178710938,NA,NA
3,"F4","0521.1Prt.Dn.2",35.6495590209961,10,2.02
3,"F5","0521.1Prt.Dn.2",36.7780838012695,10,2.02
3,"F6","0521.1Prt.Dn.2",37.1946105957031,10,2.02
3,"F7","0521.2Brn.Up.1",NA,10,2.01
3,"F8","0521.2Brn.Up.1",NA,10,2.01
3,"F9","0521.2Brn.Up.1",NA,10,2.01
3,"F10","0521.3Chk.Up.3",35.97998046875,10,1.93
3,"F11","0521.3Chk.Up.3",35.2299957275391,10,1.93
3,"F12","0521.3Chk.Up.3",36.4451751708984,10,1.93
3,"G1","St6",37.8137893676758,NA,NA
3,"G2","St6",36.4864501953125,NA,NA
3,"G3","St6",38.0054016113281,NA,NA
3,"G4","0521.1Prt.Dn.3",34.9669456481934,10,2.02
3,"G5","0521.1Prt.Dn.3",34.548210144043,10,2.02
3,"G6","0521.1Prt.Dn.3",35.4528388977051,10,2.02
3,"G7","0521.2Brn.Up.2",NA,10,2.01
3,"G8","0521.2Brn.Up.2",NA,10,2.01
3,"G9","0521.2Brn.Up.2",NA,10,2.01
3,"H4","0521.1Prt.Up.1",37.2164878845215,10,2.02
3,"H5","0521.1Prt.Up.1",38.0398254394531,10,2.02
3,"H6","0521.1Prt.Up.1",38.9418983459473,10,2.02
3,"H7","0521.2Brn.Up.3",NA,10,2.01
3,"H8","0521.2Brn.Up.3",NA,10,2.01
3,"H9","0521.2Brn.Up.3",NA,10,2.01
4,"A1","St1",19.8346252441406,NA,NA
4,"A2","St1",20.5606632232666,NA,NA
4,"A3","St1",20.469066619873,NA,NA
4,"A4","0521.5Sqm.Dn.1",31.906623840332,1,2.01666666666667
4,"A5","0521.5Sqm.Dn.1",32.7876892089844,1,2.01666666666667
4,"A6","0521.5Sqm.Dn.1",31.8273639678955,1,2.01666666666667
4,"A7","0621.1Prt.Dn.3",32.2495956420898,10,2.03
4,"A8","0621.1Prt.Dn.3",32.9662475585938,10,2.03
4,"A9","0621.1Prt.Dn.3",32.3570899963379,10,2.03
4,"B1","St2",23.8388481140137,NA,NA
4,"B2","St2",23.8584842681885,NA,NA
4,"B3","St2",23.8479099273682,NA,NA
4,"B4","0521.5Sqm.Dn.2",30.8272647857666,1,2.01666666666667
4,"B5","0521.5Sqm.Dn.2",30.4717254638672,1,2.01666666666667
4,"B6","0521.5Sqm.Dn.2",30.3680763244629,1,2.01666666666667
4,"B7","0621.1Prt.Up.1",32.6430168151855,10,2.03
4,"B8","0621.1Prt.Up.1",33.0518646240234,10,2.03
4,"B9","0621.1Prt.Up.1",32.8389511108398,10,2.03
4,"B10","0621.2Brn.Up.3",NA,1,2.02
4,"B11","0621.2Brn.Up.3",NA,1,2.02
4,"B12","0621.2Brn.Up.3",NA,1,2.02
4,"C1","St3",27.3032817840576,NA,NA
4,"C2","St3",27.3372077941895,NA,NA
4,"C3","St3",27.2389240264893,NA,NA
4,"C4","0521.5Sqm.Dn.3",30.4112567901611,1,2.01666666666667
4,"C5","0521.5Sqm.Dn.3",30.6383419036865,1,2.01666666666667
4,"C6","0521.5Sqm.Dn.3",30.5170154571533,1,2.01666666666667
4,"C7","0621.1Prt.Up.2",32.0371170043945,10,2.03
4,"C8","0621.1Prt.Up.2",32.6210708618164,10,2.03
4,"C9","0621.1Prt.Up.2",33.3491249084473,10,2.03
4,"C10","0621.3Chk.Dn.1",28.6589069366455,1,2.03
4,"C11","0621.3Chk.Dn.1",28.2324409484863,1,2.03
4,"C12","0621.3Chk.Dn.1",28.1790294647217,1,2.03
4,"D1","St4",30.4782657623291,NA,NA
4,"D2","St4",30.488073348999,NA,NA
4,"D3","St4",30.754753112793,NA,NA
4,"D4","0521.5Sqm.Up.1",30.4446220397949,1,2.01666666666667
4,"D5","0521.5Sqm.Up.1",31.0045032501221,1,2.01666666666667
4,"D6","0521.5Sqm.Up.1",30.5147590637207,1,2.01666666666667
4,"D7","0621.1Prt.Up.3",32.6673202514648,10,2.03
4,"D8","0621.1Prt.Up.3",32.1382102966309,10,2.03
4,"D9","0621.1Prt.Up.3",32.3831787109375,10,2.03
4,"D10","0621.3Chk.Dn.2",27.4261779785156,1,2.03
4,"D11","0621.3Chk.Dn.2",28.1172065734863,1,2.03
4,"D12","0621.3Chk.Dn.2",27.0365009307861,1,2.03
4,"E1","St5",33.7568588256836,NA,NA
4,"E2","St5",33.6631927490234,NA,NA
4,"E3","St5",33.1474800109863,NA,NA
4,"E4","0521.5Sqm.Up.2",30.4991493225098,1,2.01666666666667
4,"E5","0521.5Sqm.Up.2",30.6561698913574,1,2.01666666666667
4,"E6","0521.5Sqm.Up.2",31.1968975067139,1,2.01666666666667
4,"E10","0621.3Chk.Dn.3",27.9199390411377,1,2.03
4,"E11","0621.3Chk.Dn.3",27.8320331573486,1,2.03
4,"E12","0621.3Chk.Dn.3",28.1393547058105,1,2.03
4,"F1","St6",34.5143432617188,NA,NA
4,"F2","St6",35.1093444824219,NA,NA
4,"F3","St6",35.0864715576172,NA,NA
4,"F4","0521.5Sqm.Up.3",30.371223449707,1,2.01666666666667
4,"F5","0521.5Sqm.Up.3",30.7472667694092,1,2.01666666666667
4,"F6","0521.5Sqm.Up.3",30.5784950256348,1,2.01666666666667
4,"F7","0621.2Brn.Dn.2",NA,1,2.03333333333333
4,"F8","0621.2Brn.Dn.2",29.4443244934082,1,2.03333333333333
4,"F9","0621.2Brn.Dn.2",28.6156902313232,1,2.03333333333333
4,"F10","0621.3Chk.Up.1",27.5943431854248,1,2.02666666666667
4,"F11","0621.3Chk.Up.1",28.4311447143555,1,2.02666666666667
4,"F12","0621.3Chk.Up.1",28.506628036499,1,2.02666666666667
4,"G1","St6",35.1604652404785,NA,NA
4,"G2","St6",35.983512878418,NA,NA
4,"G3","St6",36.6811676025391,NA,NA
4,"G4","0621.1Prt.Dn.1",34.5782432556152,10,2.03
4,"G5","0621.1Prt.Dn.1",32.9943237304688,10,2.03
4,"G6","0621.1Prt.Dn.1",33.7303924560547,10,2.03
4,"H4","0621.1Prt.Dn.2",34.4006309509277,10,2.03
4,"H5","0621.1Prt.Dn.2",34.6175575256348,10,2.03
4,"H6","0621.1Prt.Dn.2",33.9326171875,10,2.03
5,"A1","St1",21.5232830047607,NA,NA
5,"A2","St1",21.7175827026367,NA,NA
5,"A3","St1",21.8745708465576,NA,NA
5,"B1","St2",25.0254650115967,NA,NA
5,"B2","St2",25.0495433807373,NA,NA
5,"B3","St2",24.970516204834,NA,NA
5,"C1","St3",28.4655933380127,NA,NA
5,"C2","St3",28.3624210357666,NA,NA
5,"C3","St3",28.2710647583008,NA,NA
5,"C4","0621.5Sqm.Dn.1",33.359375,10,2.02333333333333
5,"C5","0621.5Sqm.Dn.1",33.010814666748,10,2.02333333333333
5,"C6","0621.5Sqm.Dn.1",32.9285774230957,10,2.02333333333333
5,"D1","St4",31.7696952819824,NA,NA
5,"D2","St4",31.5613880157471,NA,NA
5,"D3","St4",31.6357402801514,NA,NA
5,"D4","0621.5Sqm.Dn.2",33.7839660644531,10,2.02333333333333
5,"D5","0621.5Sqm.Dn.2",33.727912902832,10,2.02333333333333
5,"D6","0621.5Sqm.Dn.2",33.9375991821289,10,2.02333333333333
5,"D10","0721.2Brn.Up.3",NA,1,2.01666666666667
5,"D11","0721.2Brn.Up.3",NA,1,2.01666666666667
5,"D12","0721.2Brn.Up.3",NA,1,2.01666666666667
5,"E1","St5",34.8078079223633,NA,NA
5,"E2","St5",35.6080703735352,NA,NA
5,"E3","St5",34.4181213378906,NA,NA
5,"E10","0721.3Chk.Dn.1",29.1010665893555,1,2.03
5,"E11","0721.3Chk.Dn.1",27.9401893615723,1,2.03
5,"E12","0721.3Chk.Dn.1",28.1057434082031,1,2.03
5,"F1","St6",36.386344909668,NA,NA
5,"F2","St6",36.2751655578613,NA,NA
5,"F3","St6",36.9717025756836,NA,NA
5,"F4","0621.5Sqm.Up.1",33.0333595275879,10,2.00666666666667
5,"F5","0621.5Sqm.Up.1",NA,10,2.00666666666667
5,"F6","0621.5Sqm.Up.1",33.1130523681641,10,2.00666666666667
5,"F10","0721.3Chk.Dn.2",28.9206275939941,1,2.03
5,"F11","0721.3Chk.Dn.2",28.9329128265381,1,2.03
5,"F12","0721.3Chk.Dn.2",28.5791110992432,1,2.03
5,"G1","St6",36.9592399597168,NA,NA
5,"G2","St6",39.7949447631836,NA,NA
5,"G3","St6",36.9747009277344,NA,NA
5,"G7","0721.2Brn.Dn.1",30.5967845916748,10,2.04
5,"G8","0721.2Brn.Dn.1",30.9883842468262,10,2.04
5,"G9","0721.2Brn.Dn.1",30.9801578521729,10,2.04
5,"H4","0621.5Sqm.Up.3",33.0986709594727,10,2.00666666666667
5,"H5","0621.5Sqm.Up.3",32.8980903625488,10,2.00666666666667
5,"H6","0621.5Sqm.Up.3",33.3804130554199,10,2.00666666666667
6,"A1","St1",20.1791172027588,NA,NA
6,"A2","St1",20.125789642334,NA,NA
6,"A3","St1",19.9861583709717,NA,NA
6,"A4","0721.3Chk.Dn.3",27.6236782073975,1,2.03
6,"A5","0721.3Chk.Dn.3",27.8347454071045,1,2.03
6,"A6","0721.3Chk.Dn.3",27.4643745422363,1,2.03
6,"A7","0721.5Sqm.Up.2",NA,1,2.01
6,"A8","0721.5Sqm.Up.2",NA,1,2.01
6,"A9","0721.5Sqm.Up.2",26.3260173797607,1,2.01
6,"A10","0821.2Brn.Dn.1",29.2979373931885,1,2.02
6,"A11","0821.2Brn.Dn.1",29.7174053192139,1,2.02
6,"A12","0821.2Brn.Dn.1",30.3074111938477,1,2.02
6,"B1","St2",23.6887760162354,NA,NA
6,"B2","St2",23.5276412963867,NA,NA
6,"B3","St2",24.1872959136963,NA,NA
6,"B4","0721.3Chk.Up.1",26.4816360473633,1,2.03333333333333
6,"B5","0721.3Chk.Up.1",26.5652561187744,1,2.03333333333333
6,"B6","0721.3Chk.Up.1",26.3409633636475,1,2.03333333333333
6,"B7","0721.5Sqm.Up.3",NA,1,2.01
6,"B8","0721.5Sqm.Up.3",NA,1,2.01
6,"B9","0721.5Sqm.Up.3",27.1842651367188,1,2.01
6,"B10","0821.2Brn.Dn.2",29.3292369842529,1,2.02
6,"B11","0821.2Brn.Dn.2",28.6812839508057,1,2.02
6,"B12","0821.2Brn.Dn.2",28.607967376709,1,2.02
6,"C1","St3",27.3315086364746,NA,NA
6,"C2","St3",27.2218570709229,NA,NA
6,"C3","St3",27.0757083892822,NA,NA
6,"C4","0721.3Chk.Up.2",26.1449203491211,1,2.03333333333333
6,"C5","0721.3Chk.Up.2",27.251932144165,1,2.03333333333333
6,"C6","0721.3Chk.Up.2",26.7176380157471,1,2.03333333333333
6,"C10","0821.2Brn.Dn.3",29.1811046600342,1,2.02
6,"C11","0821.2Brn.Dn.3",29.0443286895752,1,2.02
6,"C12","0821.2Brn.Dn.3",28.9912414550781,1,2.02
6,"D1","St4",30.1857681274414,NA,NA
6,"D2","St4",30.4760055541992,NA,NA
6,"D3","St4",30.097713470459,NA,NA
6,"D4","0721.3Chk.Up.3",26.2230987548828,1,2.03333333333333
6,"D5","0721.3Chk.Up.3",25.880407333374,1,2.03333333333333
6,"D6","0721.3Chk.Up.3",26.4833908081055,1,2.03333333333333
6,"D10","0821.2Brn.Up.1",NA,1,2.01
6,"D11","0821.2Brn.Up.1",NA,1,2.01
6,"D12","0821.2Brn.Up.1",NA,1,2.01
6,"E1","St5",33.3076972961426,NA,NA
6,"E2","St5",33.7504425048828,NA,NA
6,"E3","St5",32.8673439025879,NA,NA
6,"F1","St6",34.6588668823242,NA,NA
6,"F2","St6",33.2819137573242,NA,NA
6,"F3","St6",33.6553421020508,NA,NA
6,"F10","0821.2Brn.Up.3",NA,1,2.01
6,"F11","0821.2Brn.Up.3",NA,1,2.01
6,"F12","0821.2Brn.Up.3",NA,1,2.01
6,"G1","St6",34.7054214477539,NA,NA
6,"G2","St6",35.7233619689941,NA,NA
6,"G3","St6",36.2431831359863,NA,NA
6,"H4","0721.5Sqm.Up.1",27.3722267150879,1,2.01
6,"H5","0721.5Sqm.Up.1",26.4036617279053,1,2.01
6,"H6","0721.5Sqm.Up.1",26.5484256744385,1,2.01
9,"A1","St1",20.5373344421387,NA,NA
9,"A2","St1",20.2898330688477,NA,NA
9,"A3","St1",20.5885639190674,NA,NA
9,"A4","1021.2Brn.Up.3",NA,1,2.02666666666667
9,"A5","1021.2Brn.Up.3",NA,1,2.02666666666667
9,"A6","1021.2Brn.Up.3",NA,1,2.02666666666667
9,"B1","St2",23.7042808532715,NA,NA
9,"B2","St2",23.7192134857178,NA,NA
9,"B3","St2",23.6867294311523,NA,NA
9,"C1","St3",26.9336814880371,NA,NA
9,"C2","St3",27.2495803833008,NA,NA
9,"C3","St3",26.8993129730225,NA,NA
9,"D1","St4",30.2612705230713,NA,NA
9,"D2","St4",30.2585735321045,NA,NA
9,"D3","St4",30.1989707946777,NA,NA
9,"E1","St5",33.7725563049316,NA,NA
9,"E2","St5",32.3982925415039,NA,NA
9,"E3","St5",33.4440155029297,NA,NA
9,"F1","St6",37.2272567749023,NA,NA
9,"F2","St6",NA,NA,NA
9,"F3","St6",NA,NA,NA
9,"G1","St6",34.6362571716309,NA,NA
9,"G2","St6",35.6379241943359,NA,NA
9,"G3","St6",36.3067207336426,NA,NA
10,"A1","St1",20.4714622497559,NA,NA
10,"A2","St1",20.3456039428711,NA,NA
10,"A3","St1",20.5683555603027,NA,NA
10,"B1","St2",23.5857391357422,NA,NA
10,"B2","St2",23.8571758270264,NA,NA
10,"B3","St2",23.6175212860107,NA,NA
10,"B4","1121.2Brn.Up.2",NA,1,2.02333333333333
10,"B5","1121.2Brn.Up.2",NA,1,2.02333333333333
10,"B6","1121.2Brn.Up.2",NA,1,2.02333333333333
10,"C1","St3",26.678201675415,NA,NA
10,"C2","St3",26.9880104064941,NA,NA
10,"C3","St3",26.7546615600586,NA,NA
10,"C4","1121.2Brn.Up.3",NA,1,2.02333333333333
10,"C5","1121.2Brn.Up.3",NA,1,2.02333333333333
10,"C6","1121.2Brn.Up.3",NA,1,2.02333333333333
10,"D1","St4",30.1874198913574,NA,NA
10,"D2","St4",30.3854904174805,NA,NA
10,"D3","St4",30.0059719085693,NA,NA
10,"D4","1121.3Chk.Dn.1",30.2126731872559,1,2.02333333333333
10,"D5","1121.3Chk.Dn.1",30.3436946868896,1,2.02333333333333
10,"D6","1121.3Chk.Dn.1",31.1669368743896,1,2.02333333333333
10,"E1","St5",32.7178611755371,NA,NA
10,"E2","St5",33.1480827331543,NA,NA
10,"E3","St5",33.3082237243652,NA,NA
10,"E4","1121.3Chk.Dn.2",34.4139366149902,1,2.02333333333333
10,"E5","1121.3Chk.Dn.2",36.1742362976074,1,2.02333333333333
10,"E6","1121.3Chk.Dn.2",35.6321792602539,1,2.02333333333333
10,"F1","St6",35.3326148986816,NA,NA
10,"F2","St6",NA,NA,NA
10,"F3","St6",NA,NA,NA
10,"F4","1121.3Chk.Dn.3",31.7547359466553,1,2.02333333333333
10,"F5","1121.3Chk.Dn.3",32.439079284668,1,2.02333333333333
10,"F6","1121.3Chk.Dn.3",32.3272933959961,1,2.02333333333333
10,"G1","St6",36.6606788635254,NA,NA
10,"G2","St6",NA,NA,NA
10,"G3","St6",34.6639175415039,NA,NA
10,"G4","1121.3Chk.Up.1",33.8666038513184,1,2.01
10,"G5","1121.3Chk.Up.1",34.3197174072266,1,2.01
10,"G6","1121.3Chk.Up.1",35.6911125183105,1,2.01
10,"H4","1121.3Chk.Up.2",31.7245712280273,1,2.01
10,"H5","1121.3Chk.Up.2",32.563346862793,1,2.01
10,"H6","1121.3Chk.Up.2",32.708251953125,1,2.01
11,"A1","St1",21.0770378112793,NA,NA
11,"A2","St1",20.9840259552002,NA,NA
11,"A3","St1",21.1072673797607,NA,NA
11,"A4","1221.2Brn.Dn.2",NA,1,2.05666666666667
11,"A5","1221.2Brn.Dn.2",NA,1,2.05666666666667
11,"A6","1221.2Brn.Dn.2",NA,1,2.05666666666667
11,"B1","St2",24.2291564941406,NA,NA
11,"B2","St2",24.2433586120605,NA,NA
11,"B3","St2",24.3757572174072,NA,NA
11,"B4","1221.2Brn.Dn.3",36.9197731018066,1,2.05666666666667
11,"B5","1221.2Brn.Dn.3",35.9880523681641,1,2.05666666666667
11,"B6","1221.2Brn.Dn.3",36.7326507568359,1,2.05666666666667
11,"C1","St3",27.5959415435791,NA,NA
11,"C2","St3",27.502799987793,NA,NA
11,"C3","St3",27.6303901672363,NA,NA
11,"C4","1221.2Brn.Up.1",NA,1,2.02
11,"C5","1221.2Brn.Up.1",NA,1,2.02
11,"C6","1221.2Brn.Up.1",NA,1,2.02
11,"D1","St4",30.5455265045166,NA,NA
11,"D2","St4",30.9278907775879,NA,NA
11,"D3","St4",30.7260608673096,NA,NA
11,"D4","1221.2Brn.Up.2",NA,1,2.02
11,"D5","1221.2Brn.Up.2",NA,1,2.02
11,"D6","1221.2Brn.Up.2",NA,1,2.02
11,"D10","0122.1Prt.Dn.3",31.8530044555664,10,2.02666666666667
11,"D11","0122.1Prt.Dn.3",32.175594329834,10,2.02666666666667
11,"D12","0122.1Prt.Dn.3",32.7995147705078,10,2.02666666666667
11,"E1","St5",34.8046569824219,NA,NA
11,"E2","St5",33.97607421875,NA,NA
11,"E3","St5",33.7599143981934,NA,NA
11,"E4","1221.2Brn.Up.3",NA,1,2.02
11,"E5","1221.2Brn.Up.3",NA,1,2.02
11,"E6","1221.2Brn.Up.3",NA,1,2.02
11,"F1","St6",34.3306427001953,NA,NA
11,"F2","St6",35.2987098693848,NA,NA
11,"F3","St6",35.6086311340332,NA,NA
11,"F4","1221.3Chk.Dn.1",37.5966911315918,1,1.29666666666667
11,"F5","1221.3Chk.Dn.1",36.4255599975586,1,1.29666666666667
11,"F6","1221.3Chk.Dn.1",35.186767578125,1,1.29666666666667
11,"F7","1221.5Sqm.Dn.3",31.6099643707275,1,2.02333333333333
11,"F8","1221.5Sqm.Dn.3",31.6118240356445,1,2.02333333333333
11,"F9","1221.5Sqm.Dn.3",31.9595127105713,1,2.02333333333333
11,"G1","St6",34.9017486572266,NA,NA
11,"G2","St6",34.8771362304688,NA,NA
11,"G3","St6",36.9621467590332,NA,NA
11,"G4","1221.3Chk.Dn.2",35.779598236084,1,1.29666666666667
11,"G5","1221.3Chk.Dn.2",34.6097793579102,1,1.29666666666667
11,"G6","1221.3Chk.Dn.2",34.7349128723145,1,1.29666666666667
7,"A1","St1",22.9829006195068,NA,NA
7,"A2","St1",22.5406379699707,NA,NA
7,"A3","St1",22.497673034668,NA,NA
7,"A4","0821.3Chk.Dn.1",30.7522945404053,1,2.00333333333333
7,"A5","0821.3Chk.Dn.1",30.2644958496094,1,2.00333333333333
7,"A6","0821.3Chk.Dn.1",30.4114227294922,1,2.00333333333333
7,"A7","0821.5Sqm.Dn.3",29.8525543212891,10,1.51333333333333
7,"A8","0821.5Sqm.Dn.3",30.5151252746582,10,1.51333333333333
7,"A9","0821.5Sqm.Dn.3",29.5194778442383,10,1.51333333333333
7,"B1","St2",25.920051574707,NA,NA
7,"B2","St2",26.2265796661377,NA,NA
7,"B3","St2",26.0342044830322,NA,NA
7,"B4","0821.3Chk.Dn.2",31.5437335968018,1,2.00333333333333
7,"B5","0821.3Chk.Dn.2",30.9678020477295,1,2.00333333333333
7,"B6","0821.3Chk.Dn.2",30.9965744018555,1,2.00333333333333
7,"B7","0821.5Sqm.Up.1",25.7363739013672,1,2.00666666666667
7,"B8","0821.5Sqm.Up.1",25.9064388275146,1,2.00666666666667
7,"B9","0821.5Sqm.Up.1",25.6626052856445,1,2.00666666666667
7,"B10","0921.1Prt.Up.3",37.5305328369141,100,2.02
7,"B11","0921.1Prt.Up.3",37.7793655395508,100,2.02
7,"B12","0921.1Prt.Up.3",36.5349655151367,100,2.02
7,"C1","St3",29.2761096954346,NA,NA
7,"C2","St3",29.2079639434814,NA,NA
7,"C3","St3",29.2620506286621,NA,NA
7,"C4","0821.3Chk.Dn.3",35.2327461242676,1,2.00333333333333
7,"C5","0821.3Chk.Dn.3",34.7952766418457,1,2.00333333333333
7,"C6","0821.3Chk.Dn.3",34.8301429748535,1,2.00333333333333
7,"C7","0821.5Sqm.Up.2",25.9450149536133,1,2.00666666666667
7,"C8","0821.5Sqm.Up.2",25.9733104705811,1,2.00666666666667
7,"C9","0821.5Sqm.Up.2",25.6674022674561,1,2.00666666666667
7,"C10","0921.2Brn.Dn.1",36.3542594909668,10,2.02333333333333
7,"C11","0921.2Brn.Dn.1",36.1466903686523,10,2.02333333333333
7,"C12","0921.2Brn.Dn.1",36.2409973144531,10,2.02333333333333
7,"D1","St4",32.3987045288086,NA,NA
7,"D2","St4",32.9545669555664,NA,NA
7,"D3","St4",32.8450965881348,NA,NA
7,"D4","0821.3Chk.Up.1",27.3981132507324,1,1.98666666666667
7,"D5","0821.3Chk.Up.1",26.9284057617188,1,1.98666666666667
7,"D6","0821.3Chk.Up.1",27.1746349334717,1,1.98666666666667
7,"D7","0821.5Sqm.Up.3",25.7408294677734,1,2.00666666666667
7,"D8","0821.5Sqm.Up.3",25.3101234436035,1,2.00666666666667
7,"D9","0821.5Sqm.Up.3",25.5735664367676,1,2.00666666666667
7,"D10","0921.2Brn.Dn.2",35.2590255737305,10,2.02333333333333
7,"D11","0921.2Brn.Dn.2",35.1515464782715,10,2.02333333333333
7,"D12","0921.2Brn.Dn.2",35.211841583252,10,2.02333333333333
7,"E1","St5",36.9555702209473,NA,NA
7,"E2","St5",36.5580444335938,NA,NA
7,"E3","St5",36.6391830444336,NA,NA
7,"E4","0821.3Chk.Up.2",28.492488861084,1,1.98666666666667
7,"E5","0821.3Chk.Up.2",27.9293003082275,1,1.98666666666667
7,"E6","0821.3Chk.Up.2",28.0485706329346,1,1.98666666666667
7,"E7","0921.1Prt.Dn.1",36.2071800231934,10,2.03
7,"E8","0921.1Prt.Dn.1",35.4303741455078,10,2.03
7,"E9","0921.1Prt.Dn.1",35.6470069885254,10,2.03
7,"F1","St6",36.8845138549805,NA,NA
7,"F2","St6",36.3721809387207,NA,NA
7,"F3","St6",36.1617546081543,NA,NA
7,"F4","0821.3Chk.Up.3",28.1474838256836,1,1.98666666666667
7,"F5","0821.3Chk.Up.3",27.5836219787598,1,1.98666666666667
7,"F6","0821.3Chk.Up.3",27.5097599029541,1,1.98666666666667
7,"F7","0921.1Prt.Dn.2",36.7620620727539,10,2.03
7,"F8","0921.1Prt.Dn.2",36.4342384338379,10,2.03
7,"F9","0921.1Prt.Dn.2",36.1884002685547,10,2.03
7,"G1","St6",37.1988716125488,NA,NA
7,"G2","St6",36.5211868286133,NA,NA
7,"G3","St6",38.2516288757324,NA,NA
7,"G7","0921.1Prt.Dn.3",34.9275054931641,10,2.03
7,"G8","0921.1Prt.Dn.3",34.6021270751953,10,2.03
7,"G9","0921.1Prt.Dn.3",35.2440643310547,10,2.03
7,"H7","0921.1Prt.Up.1",33.7224884033203,10,2.02
7,"H8","0921.1Prt.Up.1",33.6287956237793,10,2.02
7,"H9","0921.1Prt.Up.1",33.6721343994141,10,2.02
8,"A1","St1",23.4707412719727,NA,NA
8,"A2","St1",23.3210563659668,NA,NA
8,"A3","St1",23.4356536865234,NA,NA
8,"A4","0921.2Brn.Up.2",NA,1,2.02333333333333
8,"A5","0921.2Brn.Up.2",NA,1,2.02333333333333
8,"A6","0921.2Brn.Up.2",NA,1,2.02333333333333
8,"A7","0921.5Sqm.Dn.1",36.4144248962402,100,1.77
8,"A8","0921.5Sqm.Dn.1",36.2044486999512,100,1.77
8,"A9","0921.5Sqm.Dn.1",36.9192771911621,100,1.77
8,"A10","1021.1Prt.Up.3",38.2685050964355,10,2.02
8,"A11","1021.1Prt.Up.3",37.1824493408203,10,2.02
8,"A12","1021.1Prt.Up.3",37.6441650390625,10,2.02
8,"B1","St2",26.6867408752441,NA,NA
8,"B2","St2",26.8688297271729,NA,NA
8,"B3","St2",26.8167152404785,NA,NA
8,"B4","0921.2Brn.Up.3",NA,1,2.02333333333333
8,"B5","0921.2Brn.Up.3",NA,1,2.02333333333333
8,"B6","0921.2Brn.Up.3",NA,1,2.02333333333333
8,"B7","0921.5Sqm.Dn.2",34.9718704223633,100,1.77
8,"B8","0921.5Sqm.Dn.2",35.1621589660645,100,1.77
8,"B9","0921.5Sqm.Dn.2",34.9841613769531,100,1.77
8,"B10","1021.2Brn.Dn.1",34.898063659668,1,2.02333333333333
8,"B11","1021.2Brn.Dn.1",36.3166961669922,1,2.02333333333333
8,"B12","1021.2Brn.Dn.1",35.8758926391602,1,2.02333333333333
8,"C1","St3",29.9368591308594,NA,NA
8,"C2","St3",29.9552440643311,NA,NA
8,"C3","St3",29.9664878845215,NA,NA
8,"C4","0921.3Chk.Dn.1",29.7486972808838,1,2.02
8,"C5","0921.3Chk.Dn.1",29.5035610198975,1,2.02
8,"C6","0921.3Chk.Dn.1",29.6633129119873,1,2.02
8,"C7","0921.5Sqm.Dn.3",37.5949630737305,100,1.77
8,"C8","0921.5Sqm.Dn.3",36.7273330688477,100,1.77
8,"C9","0921.5Sqm.Dn.3",37.3055152893066,100,1.77
8,"C10","1021.2Brn.Dn.2",33.7605667114258,1,2.02333333333333
8,"C11","1021.2Brn.Dn.2",33.6159324645996,1,2.02333333333333
8,"C12","1021.2Brn.Dn.2",33.5162811279297,1,2.02333333333333
8,"D1","St4",33.8377304077148,NA,NA
8,"D2","St4",33.0458602905273,NA,NA
8,"D3","St4",32.9631767272949,NA,NA
8,"D4","0921.3Chk.Dn.2",31.8192462921143,1,2.02
8,"D5","0921.3Chk.Dn.2",31.8004913330078,1,2.02
8,"D6","0921.3Chk.Dn.2",31.6523017883301,1,2.02
8,"D7","1021.1Prt.Dn.1",35.7979431152344,10,2.02
8,"D8","1021.1Prt.Dn.1",35.7061462402344,10,2.02
8,"D9","1021.1Prt.Dn.1",36.1808280944824,10,2.02
8,"D10","1021.2Brn.Dn.3",33.5443153381348,1,2.02333333333333
8,"D11","1021.2Brn.Dn.3",33.8510589599609,1,2.02333333333333
8,"D12","1021.2Brn.Dn.3",33.9864921569824,1,2.02333333333333
8,"E1","St5",36.3042297363281,NA,NA
8,"E2","St5",36.7162704467773,NA,NA
8,"E3","St5",36.932071685791,NA,NA
8,"E4","0921.3Chk.Dn.3",29.5959949493408,1,2.02
8,"E5","0921.3Chk.Dn.3",29.5321578979492,1,2.02
8,"E6","0921.3Chk.Dn.3",29.5445251464844,1,2.02
8,"E7","1021.1Prt.Dn.2",34.6877822875977,1,2.02
8,"E8","1021.1Prt.Dn.2",33.8218116760254,1,2.02
8,"E9","1021.1Prt.Dn.2",34.324291229248,1,2.02
8,"E10","1021.2Brn.Up.1",NA,1,2.02666666666667
8,"E11","1021.2Brn.Up.1",NA,1,2.02666666666667
8,"E12","1021.2Brn.Up.1",NA,1,2.02666666666667
8,"F1","St6",37.9811706542969,NA,NA
8,"F2","St6",39.4208145141602,NA,NA
8,"F3","St6",37.5229148864746,NA,NA
8,"F4","0921.3Chk.Up.1",26.9383449554443,1,2.01666666666667
8,"F5","0921.3Chk.Up.1",26.7811050415039,1,2.01666666666667
8,"F6","0921.3Chk.Up.1",27.0245838165283,1,2.01666666666667
8,"F7","1021.1Prt.Dn.3",37.8237686157227,10,2.02
8,"F8","1021.1Prt.Dn.3",35.4759559631348,10,2.02
8,"F9","1021.1Prt.Dn.3",36.2548751831055,10,2.02
8,"F10","1021.2Brn.Up.2",NA,1,2.02666666666667
8,"F11","1021.2Brn.Up.2",NA,1,2.02666666666667
8,"F12","1021.2Brn.Up.2",NA,1,2.02666666666667
8,"G1","St6",38.0695343017578,NA,NA
8,"G2","St6",36.8702735900879,NA,NA
8,"G3","St6",38.0209083557129,NA,NA
8,"G4","0921.3Chk.Up.2",27.1769027709961,1,2.01666666666667
8,"G5","0921.3Chk.Up.2",26.9881458282471,1,2.01666666666667
8,"G6","0921.3Chk.Up.2",27.1314754486084,1,2.01666666666667
8,"G7","1021.1Prt.Up.1",35.1646575927734,10,2.02
8,"G8","1021.1Prt.Up.1",34.970157623291,10,2.02
8,"G9","1021.1Prt.Up.1",34.6969337463379,10,2.02
8,"H7","1021.1Prt.Up.2",36.4056549072266,10,2.02
8,"H8","1021.1Prt.Up.2",35.7135162353516,10,2.02
8,"H9","1021.1Prt.Up.2",35.0306663513184,10,2.02
12,"A1","St1",20.9162254333496,NA,NA
12,"A2","St1",20.7415084838867,NA,NA
12,"A3","St1",20.7610912322998,NA,NA
12,"A10","0122.5Sqm.Up.1",34.2574768066406,10,1.60333333333333
12,"A11","0122.5Sqm.Up.1",35.6195526123047,10,1.60333333333333
12,"A12","0122.5Sqm.Up.1",34.8130340576172,10,1.60333333333333
12,"B1","St2",23.8552436828613,NA,NA
12,"B2","St2",23.7586116790771,NA,NA
12,"B3","St2",23.783842086792,NA,NA
12,"B10","0122.5Sqm.Up.2",35.9334487915039,10,1.60333333333333
12,"B11","0122.5Sqm.Up.2",NA,10,1.60333333333333
12,"B12","0122.5Sqm.Up.2",34.1429748535156,10,1.60333333333333
12,"C1","St3",27.2147655487061,NA,NA
12,"C2","St3",27.3862895965576,NA,NA
12,"C3","St3",27.2779483795166,NA,NA
12,"C10","0122.5Sqm.Up.3",34.7704277038574,10,1.60333333333333
12,"C11","0122.5Sqm.Up.3",34.5879745483398,10,1.60333333333333
12,"C12","0122.5Sqm.Up.3",NA,10,1.60333333333333
12,"D1","St4",30.3885860443115,NA,NA
12,"D2","St4",30.1016483306885,NA,NA
12,"D3","St4",30.1660327911377,NA,NA
12,"D4","0122.2Brn.Dn.3",34.6728782653809,10,2.02333333333333
12,"D5","0122.2Brn.Dn.3",35.1120185852051,10,2.02333333333333
12,"D6","0122.2Brn.Dn.3",33.4331130981445,10,2.02333333333333
12,"D10","0222.1Prt.Dn.1",34.3169097900391,10,1.92333333333333
12,"D11","0222.1Prt.Dn.1",33.6635398864746,10,1.92333333333333
12,"D12","0222.1Prt.Dn.1",32.2830581665039,10,1.92333333333333
12,"E1","St5",33.3135948181152,NA,NA
12,"E2","St5",33.8269844055176,NA,NA
12,"E3","St5",33.2156677246094,NA,NA
12,"E4","0122.2Brn.Up.1",NA,10,2.01
12,"E5","0122.2Brn.Up.1",NA,10,2.01
12,"E6","0122.2Brn.Up.1",NA,10,2.01
12,"E10","0222.1Prt.Dn.2",33.4915504455566,10,1.92333333333333
12,"E11","0222.1Prt.Dn.2",35.375,10,1.92333333333333
12,"E12","0222.1Prt.Dn.2",34.2854423522949,10,1.92333333333333
12,"F1","St6",35.3628845214844,NA,NA
12,"F2","St6",34.6868591308594,NA,NA
12,"F3","St6",34.4403877258301,NA,NA
12,"F4","0122.2Brn.Up.2",NA,10,2.01
12,"F5","0122.2Brn.Up.2",NA,10,2.01
12,"F6","0122.2Brn.Up.2",NA,10,2.01
12,"F10","0222.1Prt.Dn.3",34.5033493041992,10,1.92333333333333
12,"F11","0222.1Prt.Dn.3",33.4917678833008,10,1.92333333333333
12,"F12","0222.1Prt.Dn.3",33.6583557128906,10,1.92333333333333
12,"G1","St6",35.3239555358887,NA,NA
12,"G2","St6",36.9407234191895,NA,NA
12,"G3","St6",36.3359565734863,NA,NA
12,"G4","0122.2Brn.Up.3",NA,10,2.01
12,"G5","0122.2Brn.Up.3",NA,10,2.01
12,"G6","0122.2Brn.Up.3",NA,10,2.01
14,"A1","St1",24.2118396759033,NA,NA
14,"A2","St1",24.2897300720215,NA,NA
14,"A3","St1",24.2312431335449,NA,NA
14,"A10","0321.5Sqm.Up.3",37.0035591125488,10,1.99
14,"A11","0321.5Sqm.Up.3",36.3820571899414,10,1.99
14,"A12","0321.5Sqm.Up.3",38.4696426391602,10,1.99
14,"B1","St2",27.4715843200684,NA,NA
14,"B2","St2",27.2995433807373,NA,NA
14,"B3","St2",27.3249244689941,NA,NA
14,"B10","0421.3Chk.Up.3",37.503360748291,10,2.01
14,"B11","0421.3Chk.Up.3",38.3375091552734,10,2.01
14,"B12","0421.3Chk.Up.3",37.4634094238281,10,2.01
14,"C1","St3",30.6189575195312,NA,NA
14,"C2","St3",30.536003112793,NA,NA
14,"C3","St3",30.4873065948486,NA,NA
14,"C10","0421.1Prt.Dn.3",35.8671379089355,100,1.97
14,"C11","0421.1Prt.Dn.3",34.8421173095703,100,1.97
14,"C12","0421.1Prt.Dn.3",35.062915802002,100,1.97
14,"D1","St4",33.5711936950684,NA,NA
14,"D2","St4",32.9830093383789,NA,NA
14,"D3","St4",32.027702331543,NA,NA
14,"D10","0421.2Brn.Up.2",NA,10,2.02666666666667
14,"D11","0421.2Brn.Up.2",NA,10,2.02666666666667
14,"D12","0421.2Brn.Up.2",NA,10,2.02666666666667
14,"E1","St5",36.3246459960938,NA,NA
14,"E2","St5",36.6278915405273,NA,NA
14,"E3","St5",36.8734855651855,NA,NA
14,"F1","St6",40.5577545166016,NA,NA
14,"F2","St6",38.8147468566895,NA,NA
14,"F3","St6",NA,NA,NA
14,"F7","0321.5Sqm.Dn.2",NA,10,2.01
14,"F8","0321.5Sqm.Dn.2",NA,10,2.01
14,"F9","0321.5Sqm.Dn.2",37.2870635986328,10,2.01
14,"F10","0421.5Sqm.Dn.2",36.9189186096191,10,2.01666666666667
14,"F11","0421.5Sqm.Dn.2",35.9840965270996,10,2.01666666666667
14,"F12","0421.5Sqm.Dn.2",35.4639663696289,10,2.01666666666667
14,"G1","St6",39.498161315918,NA,NA
14,"G2","St6",38.9069900512695,NA,NA
14,"G3","St6",40.9595336914062,NA,NA
14,"G7","0321.5Sqm.Dn.3",39.4831809997559,10,1.99
14,"G8","0321.5Sqm.Dn.3",39.0948715209961,10,1.99
14,"G9","0321.5Sqm.Dn.3",37.3204650878906,10,1.99
14,"H7","0321.5Sqm.Up.1",NA,10,1.98
14,"H8","0321.5Sqm.Up.1",39.0841865539551,10,1.98
14,"H9","0321.5Sqm.Up.1",36.8670883178711,10,1.98
15,"A1","St1",23.5310611724854,NA,NA
15,"A2","St1",23.520902633667,NA,NA
15,"A3","St1",23.5999908447266,NA,NA
15,"A10","1121.2Brn.Dn.1",NA,10,2
15,"A11","1121.2Brn.Dn.1",38.9788970947266,10,2
15,"A12","1121.2Brn.Dn.1",38.2844429016113,10,2
15,"B1","St2",26.6815567016602,NA,NA
15,"B2","St2",26.6712112426758,NA,NA
15,"B3","St2",26.6319713592529,NA,NA
15,"B4","0421.5Sqm.Dn.3",36.3938674926758,10,2.01666666666667
15,"B5","0421.5Sqm.Dn.3",36.7650756835938,10,2.01666666666667
15,"B6","0421.5Sqm.Dn.3",36.226490020752,10,2.01666666666667
15,"B10","1121.2Brn.Dn.2",NA,10,2
15,"B11","1121.2Brn.Dn.2",36.410701751709,10,2
15,"B12","1121.2Brn.Dn.2",36.9938850402832,10,2
15,"C1","St3",30.0939426422119,NA,NA
15,"C2","St3",30.0006237030029,NA,NA
15,"C3","St3",29.9448642730713,NA,NA
15,"C4","0421.5Sqm.Up.1",36.4887351989746,10,2.01666666666667
15,"C5","0421.5Sqm.Up.1",34.6436538696289,10,2.01666666666667
15,"C6","0421.5Sqm.Up.1",35.4836769104004,10,2.01666666666667
15,"C10","1121.2Brn.Dn.3",NA,100,2
15,"C11","1121.2Brn.Dn.3",NA,100,2
15,"C12","1121.2Brn.Dn.3",NA,100,2
15,"D1","St4",33.554573059082,NA,NA
15,"D2","St4",33.7956352233887,NA,NA
15,"D3","St4",33.5579109191895,NA,NA
15,"D10","1221.1Prt.Dn.2",37.7842903137207,100,2.02666666666667
15,"D11","1221.1Prt.Dn.2",37.7020072937012,100,2.02666666666667
15,"D12","1221.1Prt.Dn.2",36.8313407897949,100,2.02666666666667
15,"E1","St5",37.3400726318359,NA,NA
15,"E2","St5",38.9820671081543,NA,NA
15,"E3","St5",37.8488159179688,NA,NA
15,"F1","St6",36.9847106933594,NA,NA
15,"F2","St6",39.3890228271484,NA,NA
15,"F3","St6",38.0069580078125,NA,NA
15,"F10","1221.1Prt.Up.3",39.0442161560059,100,2.03
15,"F11","1221.1Prt.Up.3",NA,100,2.03
15,"F12","1221.1Prt.Up.3",36.9577789306641,100,2.03
15,"G1","St6",37.6255683898926,NA,NA
15,"G2","St6",38.7844848632812,NA,NA
15,"G3","St6",NA,NA,NA
15,"H7","1121.1Prt.Up.3",37.3287124633789,100,2.02
15,"H8","1121.1Prt.Up.3",36.5220680236816,100,2.02
15,"H9","1121.1Prt.Up.3",36.1618232727051,100,2.02
16,"A1","St1",24.3037967681885,NA,NA
16,"A2","St1",24.3322811126709,NA,NA
16,"A3","St1",24.2926445007324,NA,NA
16,"A7","0122.3Chk.Dn.2",38.5139198303223,10,2
16,"A8","0122.3Chk.Dn.2",38.2027206420898,10,2
16,"A9","0122.3Chk.Dn.2",37.2288780212402,10,2
16,"B1","St2",26.9769859313965,NA,NA
16,"B2","St2",26.9617443084717,NA,NA
16,"B3","St2",26.9965209960938,NA,NA
16,"B4","1221.2Brn.Dn.1",NA,10,2.05666666666667
16,"B5","1221.2Brn.Dn.1",NA,10,2.05666666666667
16,"B6","1221.2Brn.Dn.1",NA,10,2.05666666666667
16,"B7","0122.2Brn.Dn.1",35.5644416809082,10,2.02333333333333
16,"B8","0122.2Brn.Dn.1",37.6018104553223,10,2.02333333333333
16,"B9","0122.2Brn.Dn.1",35.9363059997559,10,2.02333333333333
16,"C1","St3",30.7901935577393,NA,NA
16,"C2","St3",30.7556438446045,NA,NA
16,"C3","St3",30.9538097381592,NA,NA
16,"C4","1221.5Sqm.Up.3",NA,10,2.00333333333333
16,"C5","1221.5Sqm.Up.3",38.4144668579102,10,2.00333333333333
16,"C6","1221.5Sqm.Up.3",36.3137855529785,10,2.00333333333333
16,"C7","0122.3Chk.Dn.3",34.8400917053223,10,2
16,"C8","0122.3Chk.Dn.3",35.7957725524902,10,2
16,"C9","0122.3Chk.Dn.3",34.7116584777832,10,2
16,"C10","0222.5Sqm.Dn.2",NA,10,2.01666666666667
16,"C11","0222.5Sqm.Dn.2",38.4764022827148,10,2.01666666666667
16,"C12","0222.5Sqm.Dn.2",NA,10,2.01666666666667
16,"D1","St4",34.0329475402832,NA,NA
16,"D2","St4",34.4317855834961,NA,NA
16,"D3","St4",33.6511459350586,NA,NA
16,"D4","1221.5Sqm.Dn.1",36.0276336669922,10,2.02333333333333
16,"D5","1221.5Sqm.Dn.1",34.978199005127,10,2.02333333333333
16,"D6","1221.5Sqm.Dn.1",33.8802604675293,10,2.02333333333333
16,"D7","0122.2Brn.Dn.2",35.77001953125,10,2.02333333333333
16,"D8","0122.2Brn.Dn.2",36.1736679077148,10,2.02333333333333
16,"D9","0122.2Brn.Dn.2",35.1769714355469,10,2.02333333333333
16,"D10","0222.5Sqm.Dn.3",38.4464225769043,10,2.01666666666667
16,"D11","0222.5Sqm.Dn.3",38.3658676147461,10,2.01666666666667
16,"D12","0222.5Sqm.Dn.3",NA,10,2.01666666666667
16,"E1","St5",36.8455619812012,NA,NA
16,"E2","St5",36.7974014282227,NA,NA
16,"E3","St5",37.3163642883301,NA,NA
16,"E4","1221.5Sqm.Dn.2",34.5620613098145,10,2.02333333333333
16,"E5","1221.5Sqm.Dn.2",34.0806083679199,10,2.02333333333333
16,"E6","1221.5Sqm.Dn.2",33.3959732055664,10,2.02333333333333
16,"E7","0122.3Chk.Up.1",36.1358795166016,10,1.99666666666667
16,"E8","0122.3Chk.Up.1",37.2528495788574,10,1.99666666666667
16,"E9","0122.3Chk.Up.1",37.8605690002441,10,1.99666666666667
16,"E10","0222.3Chk.Dn.2",NA,10,1.98333333333333
16,"E11","0222.3Chk.Dn.2",38.4253311157227,10,1.98333333333333
16,"E12","0222.3Chk.Dn.2",NA,10,1.98333333333333
16,"F1","St6",37.5050506591797,NA,NA
16,"F2","St6",36.9683074951172,NA,NA
16,"F3","St6",38.0282707214355,NA,NA
16,"F4","0122.1Prt.Up.1",34.4766845703125,10,1.97666666666667
16,"F5","0122.1Prt.Up.1",33.2400588989258,10,1.97666666666667
16,"F6","0122.1Prt.Up.1",32.9012756347656,10,1.97666666666667
16,"F7","0122.3Chk.Up.2",NA,10,1.99666666666667
16,"F8","0122.3Chk.Up.2",37.4163284301758,10,1.99666666666667
16,"F9","0122.3Chk.Up.2",37.5796661376953,10,1.99666666666667
16,"F10","0222.5Sqm.Up.1",NA,10,2
16,"F11","0222.5Sqm.Up.1",37.3853988647461,10,2
16,"F12","0222.5Sqm.Up.1",38.2032928466797,10,2
16,"G1","St6",38.543384552002,NA,NA
16,"G2","St6",39.5632553100586,NA,NA
16,"G3","St6",39.0386047363281,NA,NA
16,"G7","0122.3Chk.Up.3",NA,10,1.99666666666667
16,"G8","0122.3Chk.Up.3",37.5121879577637,10,1.99666666666667
16,"G9","0122.3Chk.Up.3",39.5427398681641,10,1.99666666666667
16,"H4","0122.1Prt.Up.3",35.5197906494141,10,1.97666666666667
16,"H5","0122.1Prt.Up.3",33.8975601196289,10,1.97666666666667
16,"H6","0122.1Prt.Up.3",33.7476196289062,10,1.97666666666667
16,"H7","0122.5Sqm.Dn.2",35.918140411377,10,1.01666666666667
16,"H8","0122.5Sqm.Dn.2",35.2789115905762,10,1.01666666666667
16,"H9","0122.5Sqm.Dn.2",36.5872917175293,10,1.01666666666667
17,"A1","St1",24.9895763397217,NA,NA
17,"A2","St1",25.0050487518311,NA,NA
17,"A3","St1",25.1134834289551,NA,NA
17,"A4","0222.3Chk.Dn.3",NA,10,1.98333333333333
17,"A5","0222.3Chk.Dn.3",38.5296897888184,10,1.98333333333333
17,"A6","0222.3Chk.Dn.3",38.856143951416,10,1.98333333333333
17,"B1","St2",28.2086563110352,NA,NA
17,"B2","St2",28.1414184570312,NA,NA
17,"B3","St2",28.4462547302246,NA,NA
17,"B4","0222.5Sqm.Up.2",NA,10,2
17,"B5","0222.5Sqm.Up.2",39.1162948608398,10,2
17,"B6","0222.5Sqm.Up.2",39.1855926513672,10,2
17,"C1","St3",31.9369506835938,NA,NA
17,"C2","St3",31.9399948120117,NA,NA
17,"C3","St3",32.0944023132324,NA,NA
17,"C4","0222.3Chk.Up.1",NA,10,2.01
17,"C5","0222.3Chk.Up.1",NA,10,2.01
17,"C6","0222.3Chk.Up.1",NA,10,2.01
17,"D1","St4",35.5278816223145,NA,NA
17,"D2","St4",36.5114250183105,NA,NA
17,"D3","St4",35.7453994750977,NA,NA
17,"D4","0222.5Sqm.Up.3",NA,10,2
17,"D5","0222.5Sqm.Up.3",NA,10,2
17,"D6","0222.5Sqm.Up.3",37.9566345214844,10,2
17,"E1","St5",39.1480712890625,NA,NA
17,"E2","St5",NA,NA,NA
17,"E3","St5",38.4667358398438,NA,NA
17,"E4","0222.3Chk.Up.2",NA,10,2.01
17,"E5","0222.3Chk.Up.2",39.7503852844238,10,2.01
17,"E6","0222.3Chk.Up.2",38.4538383483887,10,2.01
17,"F1","St6",39.7803344726562,NA,NA
17,"F2","St6",38.6208915710449,NA,NA
17,"F3","St6",38.5358390808105,NA,NA
17,"G1","St6",39.226749420166,NA,NA
17,"G2","St6",38.9528579711914,NA,NA
17,"G3","St6",38.538646697998,NA,NA
17,"G4","0222.3Chk.Up.3",NA,10,2.01
17,"G5","0222.3Chk.Up.3",NA,10,2.01
17,"G6","0222.3Chk.Up.3",38.8073959350586,10,2.01
17,"H4","0222.5Sqm.Dn.1",NA,10,2.01666666666667
17,"H5","0222.5Sqm.Dn.1",38.364875793457,10,2.01666666666667
17,"H6","0222.5Sqm.Dn.1",36.7210502624512,10,2.01666666666667
20,"A1","St1",22.1332168579102,NA,NA
20,"A2","St1",21.9921932220459,NA,NA
20,"A3","St1",22.0675811767578,NA,NA
20,"A4","0921.4Pad.Dn.3",34.2426681518555,1,2.03666666666667
20,"A5","0921.4Pad.Dn.3",34.0514183044434,1,2.03666666666667
20,"A6","0921.4Pad.Dn.3",33.9777984619141,1,2.03666666666667
20,"A7","1021.4Pad.Up11.1",36.8062553405762,1,2.01666666666667
20,"A8","1021.4Pad.Up11.1",35.3612899780273,1,2.01666666666667
20,"A9","1021.4Pad.Up11.1",35.7982902526855,1,2.01666666666667
20,"B1","St2",25.3462505340576,NA,NA
20,"B2","St2",25.4883766174316,NA,NA
20,"B3","St2",25.4985294342041,NA,NA
20,"B4","0921.4Pad.Up11.2",33.0993766784668,1,2.03333333333333
20,"B5","0921.4Pad.Up11.2",33.4480400085449,1,2.03333333333333
20,"B6","0921.4Pad.Up11.2",34.0955200195312,1,2.03333333333333
20,"B7","1021.4Pad.Up11.2",34.0195426940918,1,2.01666666666667
20,"B8","1021.4Pad.Up11.2",34.7740325927734,1,2.01666666666667
20,"B9","1021.4Pad.Up11.2",33.7077713012695,1,2.01666666666667
20,"B10","1221.4Pad.Up11.1",34.3525276184082,1,2.01666666666667
20,"B11","1221.4Pad.Up11.1",34.6052513122559,1,2.01666666666667
20,"B12","1221.4Pad.Up11.1",34.986156463623,1,2.01666666666667
20,"C1","St3",28.8176193237305,NA,NA
20,"C2","St3",28.7846279144287,NA,NA
20,"C3","St3",28.8708782196045,NA,NA
20,"C4","0921.4Pad.Up5.1",NA,1,2.02
20,"C5","0921.4Pad.Up5.1",NA,1,2.02
20,"C6","0921.4Pad.Up5.1",NA,1,2.02
20,"C7","1021.4Pad.Up5.1",NA,1,2.02333333333333
20,"C8","1021.4Pad.Up5.1",NA,1,2.02333333333333
20,"C9","1021.4Pad.Up5.1",NA,1,2.02333333333333
20,"D1","St4",31.7795886993408,NA,NA
20,"D2","St4",31.9323234558105,NA,NA
20,"D3","St4",32.070915222168,NA,NA
20,"D4","0921.4Pad.Up5.2",NA,1,2.02
20,"D5","0921.4Pad.Up5.2",NA,1,2.02
20,"D6","0921.4Pad.Up5.2",NA,1,2.02
20,"D7","1021.4Pad.Up5.2",NA,1,2.02333333333333
20,"D8","1021.4Pad.Up5.2",NA,1,2.02333333333333
20,"D9","1021.4Pad.Up5.2",NA,1,2.02333333333333
20,"E1","St5",34.9865264892578,NA,NA
20,"E2","St5",35.0622406005859,NA,NA
20,"E3","St5",35.2837409973145,NA,NA
20,"E4","0921.4Pad.Up5.3",NA,1,2.02
20,"E5","0921.4Pad.Up5.3",NA,1,2.02
20,"E6","0921.4Pad.Up5.3",NA,1,2.02
20,"E10","0222.4Pad.Dn.1",NA,1,2.00666666666667
20,"E11","0222.4Pad.Dn.1",36.6397590637207,1,2.00666666666667
20,"E12","0222.4Pad.Dn.1",36.6755561828613,1,2.00666666666667
20,"F1","St6",38.9292869567871,NA,NA
20,"F2","St6",38.0890312194824,NA,NA
20,"F3","St6",36.3886909484863,NA,NA
20,"F4","1021.4Pad.Dn.1",37.5278205871582,1,2.00666666666667
20,"F5","1021.4Pad.Dn.1",37.7426795959473,1,2.00666666666667
20,"F6","1021.4Pad.Dn.1",36.8059120178223,1,2.00666666666667
20,"F10","0222.4Pad.Dn.2",36.2932548522949,1,2.00666666666667
20,"F11","0222.4Pad.Dn.2",35.7419853210449,1,2.00666666666667
20,"F12","0222.4Pad.Dn.2",36.0205841064453,1,2.00666666666667
20,"G1","St7",36.754150390625,NA,NA
20,"G2","St7",38.9434852600098,NA,NA
20,"G3","St7",37.2340087890625,NA,NA
20,"G4","1021.4Pad.Dn.2",NA,1,2.00666666666667
20,"G5","1021.4Pad.Dn.2",NA,1,2.00666666666667
20,"G6","1021.4Pad.Dn.2",NA,1,2.00666666666667
20,"H1","St8",40.9836235046387,NA,NA
20,"H2","St8",38.8156242370605,NA,NA
20,"H3","St8",39.0906257629395,NA,NA
20,"H4","1021.4Pad.Dn.3",36.4504089355469,1,2.00666666666667
20,"H5","1021.4Pad.Dn.3",37.0453567504883,1,2.00666666666667
20,"H6","1021.4Pad.Dn.3",36.641845703125,1,2.00666666666667
23,"A1","St1",20.3454170227051,NA,NA
23,"A2","St1",20.2859573364258,NA,NA
23,"A3","St1",20.2976551055908,NA,NA
23,"A4","0321.1Prt.Up.1",35.909782409668,100,2
23,"A5","0321.1Prt.Up.1",37.8148765563965,100,2
23,"A6","0321.1Prt.Up.1",36.2853355407715,100,2
23,"A7","1021.3Chk.Up.3",32.2794036865234,1,2.01333333333333
23,"A8","1021.3Chk.Up.3",31.9139213562012,1,2.01333333333333
23,"A9","1021.3Chk.Up.3",31.968729019165,1,2.01333333333333
23,"A10","0721.2Brn.Dn.3",31.983154296875,10,2.04
23,"A11","0721.2Brn.Dn.3",31.4709720611572,10,2.04
23,"A12","0721.2Brn.Dn.3",31.1586399078369,10,2.04
23,"B1","St2",23.8480567932129,NA,NA
23,"B2","St2",23.8314819335938,NA,NA
23,"B3","St2",24.3027801513672,NA,NA
23,"B4","0421.1Prt.Up.3",34.3082618713379,10,2.02
23,"B5","0421.1Prt.Up.3",35.8078727722168,10,2.02
23,"B6","0421.1Prt.Up.3",33.7606048583984,10,2.02
23,"B7","1021.5Sqm.Dn.1",35.2667694091797,1,2.02
23,"B8","1021.5Sqm.Dn.1",34.1925468444824,1,2.02
23,"B9","1021.5Sqm.Dn.1",33.0961799621582,1,2.02
23,"B10","0821.1Prt.Dn.1",32.5200614929199,10,2.02333333333333
23,"B11","0821.1Prt.Dn.1",32.7583618164062,10,2.02333333333333
23,"B12","0821.1Prt.Dn.1",32.7527770996094,10,2.02333333333333
23,"C1","St3",27.2582416534424,NA,NA
23,"C2","St3",27.2428607940674,NA,NA
23,"C3","St3",27.2015933990479,NA,NA
23,"C4","0721.5Sqm.Dn.1",30.9170436859131,1,1.55
23,"C5","0721.5Sqm.Dn.1",34.2423553466797,1,1.55
23,"C6","0721.5Sqm.Dn.1",37.8480110168457,1,1.55
23,"C7","1121.1Prt.Dn.3",32.9595031738281,10,2.03
23,"C8","1121.1Prt.Dn.3",33.2150917053223,10,2.03
23,"C9","1121.1Prt.Dn.3",32.8409233093262,10,2.03
23,"C10","0421.5Sqm.Up.2",34.0969123840332,10,2.01666666666667
23,"C11","0421.5Sqm.Up.2",33.9784965515137,10,2.01666666666667
23,"C12","0421.5Sqm.Up.2",34.6818389892578,10,2.01666666666667
23,"D1","St4",30.5592002868652,NA,NA
23,"D2","St4",30.7043170928955,NA,NA
23,"D3","St4",30.8261184692383,NA,NA
23,"D4","1021.3Chk.Dn.1",30.7729644775391,1,2.02333333333333
23,"D5","1021.3Chk.Dn.1",30.7266597747803,1,2.02333333333333
23,"D6","1021.3Chk.Dn.1",30.8012847900391,1,2.02333333333333
23,"D7","1221.1Prt.Dn.1",33.2408905029297,10,2.02666666666667
23,"D8","1221.1Prt.Dn.1",34.136287689209,10,2.02666666666667
23,"D9","1221.1Prt.Dn.1",33.4498901367188,10,2.02666666666667
23,"D10","0821.1Prt.Dn.2",32.437255859375,10,2.02333333333333
23,"D11","0821.1Prt.Dn.2",32.8005867004395,10,2.02333333333333
23,"D12","0821.1Prt.Dn.2",32.7264099121094,10,2.02333333333333
23,"E1","St5",34.3058128356934,NA,NA
23,"E2","St5",34.330638885498,NA,NA
23,"E3","St5",33.8805541992188,NA,NA
23,"E4","1021.3Chk.Dn.2",36.5750350952148,1,2.02333333333333
23,"E5","1021.3Chk.Dn.2",34.951114654541,1,2.02333333333333
23,"E6","1021.3Chk.Dn.2",34.1765670776367,1,2.02333333333333
23,"E7","1221.3Chk.Dn.3",NA,1,1.29666666666667
23,"E8","1221.3Chk.Dn.3",36.6660194396973,1,1.29666666666667
23,"E9","1221.3Chk.Dn.3",42.0686073303223,1,1.29666666666667
23,"E10","0421.5Sqm.Up.3",33.1790885925293,10,2.01666666666667
23,"E11","0421.5Sqm.Up.3",34.0865211486816,10,2.01666666666667
23,"E12","0421.5Sqm.Up.3",36.0073204040527,10,2.01666666666667
23,"F1","St6",35.6865615844727,NA,NA
23,"F2","St6",34.9607887268066,NA,NA
23,"F3","St6",36.2990570068359,NA,NA
23,"F4","1021.3Chk.Dn.3",30.4610424041748,1,2.02333333333333
23,"F5","1021.3Chk.Dn.3",30.978536605835,1,2.02333333333333
23,"F6","1021.3Chk.Dn.3",30.7497692108154,1,2.02333333333333
23,"F7","0321.5Sqm.Dn.1",35.9022254943848,10,1.99
23,"F8","0321.5Sqm.Dn.1",35.6930618286133,10,1.99
23,"F9","0321.5Sqm.Dn.1",34.3670959472656,10,1.99
23,"F10","0821.1Prt.Dn.3",32.5657424926758,10,2.02333333333333
23,"F11","0821.1Prt.Dn.3",33.1071357727051,10,2.02333333333333
23,"F12","0821.1Prt.Dn.3",32.8283348083496,10,2.02333333333333
23,"G1","St7",35.8373603820801,NA,NA
23,"G2","St7",35.4669990539551,NA,NA
23,"G3","St7",36.2630920410156,NA,NA
23,"G4","1021.3Chk.Up.1",31.751766204834,1,2.01333333333333
23,"G5","1021.3Chk.Up.1",31.5663909912109,1,2.01333333333333
23,"G6","1021.3Chk.Up.1",32.0868835449219,1,2.01333333333333
23,"G7","0421.5Sqm.Dn.1",34.7076683044434,10,2.01666666666667
23,"G8","0421.5Sqm.Dn.1",34.2610626220703,10,2.01666666666667
23,"G9","0421.5Sqm.Dn.1",33.8483200073242,10,2.01666666666667
23,"G10","1221.1Prt.Up.2",NA,100,2.03
23,"G11","1221.1Prt.Up.2",NA,100,2.03
23,"G12","1221.1Prt.Up.2",36.770133972168,100,2.03
23,"H1","St8",36.9575691223145,NA,NA
23,"H2","St8",36.8479270935059,NA,NA
23,"H3","St8",37.6690063476562,NA,NA
23,"H4","1021.3Chk.Up.2",30.1633319854736,1,2.01333333333333
23,"H5","1021.3Chk.Up.2",30.3218879699707,1,2.01333333333333
23,"H6","1021.3Chk.Up.2",30.4575576782227,1,2.01333333333333
23,"H7","0721.1Prt.Dn.1",33.4223365783691,10,2.02
23,"H8","0721.1Prt.Dn.1",33.721492767334,10,2.02
23,"H9","0721.1Prt.Dn.1",33.6892738342285,10,2.02
21,"A1","St1",21.9023151397705,NA,NA
21,"A2","St1",21.8913898468018,NA,NA
21,"A3","St1",22.2430076599121,NA,NA
21,"A7","0521.4Pad.Up5.1",NA,10,2.01666666666667
21,"A8","0521.4Pad.Up5.1",NA,10,2.01666666666667
21,"A9","0521.4Pad.Up5.1",38.9830360412598,10,2.01666666666667
21,"A10","0821.4Pad.Dn.3",35.5183868408203,10,2.01
21,"A11","0821.4Pad.Dn.3",35.6185531616211,10,2.01
21,"A12","0821.4Pad.Dn.3",36.6921768188477,10,2.01
21,"B1","St2",25.9461269378662,NA,NA
21,"B2","St2",25.7489757537842,NA,NA
21,"B3","St2",25.6769695281982,NA,NA
21,"B7","0521.4Pad.Up5.3",NA,10,2.01666666666667
21,"B8","0521.4Pad.Up5.3",38.0120506286621,10,2.01666666666667
21,"B9","0521.4Pad.Up5.3",NA,10,2.01666666666667
21,"B10","0821.4Pad.Up11.3",35.2511749267578,10,2
21,"B11","0821.4Pad.Up11.3",35.7093963623047,10,2
21,"B12","0821.4Pad.Up11.3",36.6339569091797,10,2
21,"C1","St3",28.9809036254883,NA,NA
21,"C2","St3",28.9192924499512,NA,NA
21,"C3","St3",28.9428329467773,NA,NA
21,"C4","0222.4Pad.Up11.2",37.0130882263184,1,2.00666666666667
21,"C5","0222.4Pad.Up11.2",35.5709953308105,1,2.00666666666667
21,"C6","0222.4Pad.Up11.2",36.0531349182129,1,2.00666666666667
21,"C7","0621.4Pad.Up5.1",NA,10,2.01666666666667
21,"C8","0621.4Pad.Up5.1",NA,10,2.01666666666667
21,"C9","0621.4Pad.Up5.1",NA,10,2.01666666666667
21,"D1","St4",32.5488204956055,NA,NA
21,"D2","St4",32.4213600158691,NA,NA
21,"D3","St4",32.0405464172363,NA,NA
21,"D4","0222.4Pad.Up11.3",36.0334320068359,1,2.00666666666667
21,"D5","0222.4Pad.Up11.3",36.0355033874512,1,2.00666666666667
21,"D6","0222.4Pad.Up11.3",37.1599502563477,1,2.00666666666667
21,"D7","0621.4Pad.Up5.2",NA,10,2.01666666666667
21,"D8","0621.4Pad.Up5.2",NA,10,2.01666666666667
21,"D9","0621.4Pad.Up5.2",NA,10,2.01666666666667
21,"D10","0921.4Pad.Up11.3",34.4944000244141,10,2.03333333333333
21,"D11","0921.4Pad.Up11.3",34.59130859375,10,2.03333333333333
21,"D12","0921.4Pad.Up11.3",35.3554534912109,10,2.03333333333333
21,"E1","St5",36.0631065368652,NA,NA
21,"E2","St5",35.189510345459,NA,NA
21,"E3","St5",34.9073486328125,NA,NA
21,"E4","0222.4Pad.Up5.2",NA,1,1.99666666666667
21,"E5","0222.4Pad.Up5.2",37.9410972595215,1,1.99666666666667
21,"E6","0222.4Pad.Up5.2",38.1050262451172,1,1.99666666666667
21,"E7","0621.4Pad.Up5.3",NA,10,2.01666666666667
21,"E8","0621.4Pad.Up5.3",NA,10,2.01666666666667
21,"E9","0621.4Pad.Up5.3",NA,10,2.01666666666667
21,"E10","1021.4Pad.Up11.3",NA,10,2.01666666666667
21,"E11","1021.4Pad.Up11.3",NA,10,2.01666666666667
21,"E12","1021.4Pad.Up11.3",NA,10,2.01666666666667
21,"F1","St6",35.7431526184082,NA,NA
21,"F2","St6",36.9608688354492,NA,NA
21,"F3","St6",36.4316787719727,NA,NA
21,"F4","0222.4Pad.Up5.3",37.2365570068359,1,1.99666666666667
21,"F5","0222.4Pad.Up5.3",37.7475166320801,1,1.99666666666667
21,"F6","0222.4Pad.Up5.3",NA,1,1.99666666666667
21,"F7","0721.4Pad.Dn.2",NA,10,2.01
21,"F8","0721.4Pad.Dn.2",35.1915550231934,10,2.01
21,"F9","0721.4Pad.Dn.2",35.613410949707,10,2.01
21,"F10","1021.4Pad.Up5.3",NA,10,2.02333333333333
21,"F11","1021.4Pad.Up5.3",NA,10,2.02333333333333
21,"F12","1021.4Pad.Up5.3",NA,10,2.02333333333333
21,"G1","St7",36.737979888916,NA,NA
21,"G2","St7",36.4415740966797,NA,NA
21,"G3","St7",37.6523971557617,NA,NA
21,"G4","0521.4Pad.Up11.2",34.9712104797363,10,2.01
21,"G5","0521.4Pad.Up11.2",34.8002128601074,10,2.01
21,"G6","0521.4Pad.Up11.2",34.1052093505859,10,2.01
21,"G7","0721.4Pad.Up5.2",NA,10,2.01333333333333
21,"G8","0721.4Pad.Up5.2",NA,10,2.01333333333333
21,"G9","0721.4Pad.Up5.2",NA,10,2.01333333333333
21,"H1","St8",38.0512466430664,NA,NA
21,"H2","St8",39.5136489868164,NA,NA
21,"H3","St8",37.9452590942383,NA,NA
21,"H4","0521.4Pad.Up11.3",34.5910606384277,10,2.01
21,"H5","0521.4Pad.Up11.3",36.5246429443359,10,2.01
21,"H6","0521.4Pad.Up11.3",34.8766441345215,10,2.01
22,"A1","St1",22.3597030639648,NA,NA
22,"A2","St1",22.3027305603027,NA,NA
22,"A3","St1",22.2679672241211,NA,NA
22,"A4","1121.4Pad.Dn.1",NA,100,1.18666666666667
22,"A5","1121.4Pad.Dn.1",NA,100,1.18666666666667
22,"A6","1121.4Pad.Dn.1",NA,100,1.18666666666667
22,"A7","1221.4Pad.Up11.3",36.7140464782715,10,2.01666666666667
22,"A8","1221.4Pad.Up11.3",38.9827995300293,10,2.01666666666667
22,"A9","1221.4Pad.Up11.3",38.6503448486328,10,2.01666666666667
22,"A10","0122.4Pad.Up5.1",38.5363693237305,10,2.03333333333333
22,"A11","0122.4Pad.Up5.1",NA,10,2.03333333333333
22,"A12","0122.4Pad.Up5.1",NA,10,2.03333333333333
22,"B1","St2",25.5050983428955,NA,NA
22,"B2","St2",25.4876880645752,NA,NA
22,"B3","St2",25.5039978027344,NA,NA
22,"B7","1221.4Pad.Up5.1",36.9604301452637,10,2.01333333333333
22,"B8","1221.4Pad.Up5.1",37.7044334411621,10,2.01333333333333
22,"B9","1221.4Pad.Up5.1",36.3879623413086,10,2.01333333333333
22,"B10","0122.4Pad.Up5.2",NA,10,2.03333333333333
22,"B11","0122.4Pad.Up5.2",NA,10,2.03333333333333
22,"B12","0122.4Pad.Up5.2",NA,10,2.03333333333333
22,"C1","St3",28.5381679534912,NA,NA
22,"C2","St3",28.7612800598145,NA,NA
22,"C3","St3",28.8053894042969,NA,NA
22,"C4","1121.4Pad.Dn.3",38.8530311584473,10,1.18666666666667
22,"C5","1121.4Pad.Dn.3",NA,10,1.18666666666667
22,"C6","1121.4Pad.Dn.3",NA,10,1.18666666666667
22,"C7","1221.4Pad.Up5.2",38.3254737854004,10,2.01333333333333
22,"C8","1221.4Pad.Up5.2",38.4941139221191,10,2.01333333333333
22,"C9","1221.4Pad.Up5.2",NA,10,2.01333333333333
22,"C10","0122.4Pad.Up5.3",38.6128387451172,10,2.03333333333333
22,"C11","0122.4Pad.Up5.3",NA,10,2.03333333333333
22,"C12","0122.4Pad.Up5.3",NA,10,2.03333333333333
22,"D1","St4",32.0066375732422,NA,NA
22,"D2","St4",31.6059722900391,NA,NA
22,"D3","St4",31.562126159668,NA,NA
22,"D4","1121.4Pad.Up11.2",NA,100,1.07666666666667
22,"D5","1121.4Pad.Up11.2",NA,100,1.07666666666667
22,"D6","1121.4Pad.Up11.2",NA,100,1.07666666666667
22,"D7","1221.4Pad.Up5.3",NA,10,2.01333333333333
22,"D8","1221.4Pad.Up5.3",NA,10,2.01333333333333
22,"D9","1221.4Pad.Up5.3",NA,10,2.01333333333333
22,"D10","0222.4Pad.Up5.1",NA,10,1.99666666666667
22,"D11","0222.4Pad.Up5.1",39.4542694091797,10,1.99666666666667
22,"D12","0222.4Pad.Up5.1",NA,10,1.99666666666667
22,"E1","St5",34.5875244140625,NA,NA
22,"E2","St5",34.2318115234375,NA,NA
22,"E3","St5",34.6268882751465,NA,NA
22,"E4","1221.4Pad.Dn.1",37.4004936218262,10,2.03666666666667
22,"E5","1221.4Pad.Dn.1",37.5362586975098,10,2.03666666666667
22,"E6","1221.4Pad.Dn.1",38.3282165527344,10,2.03666666666667
22,"E7","0122.4Pad.Dn.2",38.8581085205078,10,2.04
22,"E8","0122.4Pad.Dn.2",38.8791351318359,10,2.04
22,"E9","0122.4Pad.Dn.2",NA,10,2.04
22,"F1","St6",35.3668785095215,NA,NA
22,"F2","St6",35.2860298156738,NA,NA
22,"F3","St6",36.5274391174316,NA,NA
22,"F4","1221.4Pad.Dn.2",NA,10,2.03666666666667
22,"F5","1221.4Pad.Dn.2",38.6610717773438,10,2.03666666666667
22,"F6","1221.4Pad.Dn.2",NA,10,2.03666666666667
22,"F7","0122.4Pad.Dn.3",NA,10,2.04
22,"F8","0122.4Pad.Dn.3",NA,10,2.04
22,"F9","0122.4Pad.Dn.3",NA,10,2.04
22,"G1","St7",35.9782524108887,NA,NA
22,"G2","St7",35.6706771850586,NA,NA
22,"G3","St7",36.632869720459,NA,NA
22,"G4","1221.4Pad.Dn.3",NA,10,2.03666666666667
22,"G5","1221.4Pad.Dn.3",NA,10,2.03666666666667
22,"G6","1221.4Pad.Dn.3",NA,10,2.03666666666667
22,"G7","0122.4Pad.Up11.2",NA,10,2.01333333333333
22,"G8","0122.4Pad.Up11.2",NA,10,2.01333333333333
22,"G9","0122.4Pad.Up11.2",NA,10,2.01333333333333
22,"H1","St8",38.1911582946777,NA,NA
22,"H2","St8",40.9641227722168,NA,NA
22,"H3","St8",38.2224311828613,NA,NA
22,"H4","1221.4Pad.Up11.2",NA,10,2.01666666666667
22,"H5","1221.4Pad.Up11.2",38.6232032775879,10,2.01666666666667
22,"H6","1221.4Pad.Up11.2",38.9247055053711,10,2.01666666666667
22,"H7","0122.4Pad.Up11.3",NA,10,2.01333333333333
22,"H8","0122.4Pad.Up11.3",NA,10,2.01333333333333
22,"H9","0122.4Pad.Up11.3",NA,10,2.01333333333333
24,"A1","St1",21.7519149780273,NA,NA
24,"A2","St1",21.7265968322754,NA,NA
24,"A3","St1",21.6394653320312,NA,NA
24,"B1","St2",25.2242565155029,NA,NA
24,"B2","St2",25.2806072235107,NA,NA
24,"B3","St2",25.300178527832,NA,NA
24,"B4","0621.2Brn.Dn.3",33.7913436889648,10,2.03333333333333
24,"B5","0621.2Brn.Dn.3",34.4105224609375,10,2.03333333333333
24,"B6","0621.2Brn.Dn.3",34.4582481384277,10,2.03333333333333
24,"C1","St3",28.7777481079102,NA,NA
24,"C2","St3",28.7284450531006,NA,NA
24,"C3","St3",28.8731384277344,NA,NA
24,"C4","0122.3Chk.Dn.1",39.3505592346191,10,2
24,"C5","0122.3Chk.Dn.1",37.9934043884277,10,2
24,"C6","0122.3Chk.Dn.1",NA,10,2
24,"D1","St4",31.8769931793213,NA,NA
24,"D2","St4",31.8156452178955,NA,NA
24,"D3","St4",31.8330554962158,NA,NA
24,"D4","0122.5Sqm.Dn.3",34.5801429748535,10,1.01666666666667
24,"D5","0122.5Sqm.Dn.3",36.3689498901367,10,1.01666666666667
24,"D6","0122.5Sqm.Dn.3",35.4222869873047,10,1.01666666666667
24,"D7","1121.4Pad.Up5.1",NA,10,1.23333333333333
24,"D8","1121.4Pad.Up5.1",37.2954940795898,10,1.23333333333333
24,"D9","1121.4Pad.Up5.1",NA,10,1.23333333333333
24,"E1","St5",34.8927421569824,NA,NA
24,"E2","St5",35.9426231384277,NA,NA
24,"E3","St5",34.9379386901855,NA,NA
24,"E4","1221.5Sqm.Up.1",37.3482971191406,10,2.00333333333333
24,"E5","1221.5Sqm.Up.1",38.150074005127,10,2.00333333333333
24,"E6","1221.5Sqm.Up.1",37.7157592773438,10,2.00333333333333
24,"E7","1121.4Pad.Up5.2",39.0773696899414,10,1.23333333333333
24,"E8","1121.4Pad.Up5.2",NA,10,1.23333333333333
24,"E9","1121.4Pad.Up5.2",37.9036064147949,10,1.23333333333333
24,"F1","St6",37.3849983215332,NA,NA
24,"F2","St6",35.8457870483398,NA,NA
24,"F3","St6",35.9031524658203,NA,NA
24,"F4","0122.4Pad.Up11.1",36.2264862060547,1,2.01333333333333
24,"F5","0122.4Pad.Up11.1",NA,1,2.01333333333333
24,"F6","0122.4Pad.Up11.1",39.6163749694824,1,2.01333333333333
24,"F7","0921.4Pad.Up11.1",NA,100,2.03333333333333
24,"F8","0921.4Pad.Up11.1",NA,100,2.03333333333333
24,"F9","0921.4Pad.Up11.1",NA,100,2.03333333333333
24,"G1","St7",36.7725868225098,NA,NA
24,"G2","St7",37.1023559570312,NA,NA
24,"G3","St7",37.0309753417969,NA,NA
24,"H1","St8",38.9706840515137,NA,NA
24,"H2","St8",41.969165802002,NA,NA
24,"H3","St8",37.8086738586426,NA,NA
24,"H4","0821.4Pad.Dn.2",36.8706245422363,10,2.01
24,"H5","0821.4Pad.Dn.2",38.4123306274414,10,2.01
24,"H6","0821.4Pad.Dn.2",NA,10,2.01
18,"A1","St1",22.7749462127686,NA,NA
18,"A2","St1",22.5942802429199,NA,NA
18,"A3","St1",22.6745643615723,NA,NA
18,"A4","0321.4Pad.Dn.1",34.9462852478027,1,1.96
18,"A5","0321.4Pad.Dn.1",34.4991989135742,1,1.96
18,"A6","0321.4Pad.Dn.1",34.6397285461426,1,1.96
18,"A7","0321.4Pad.Up5.3",NA,5,2.02
18,"A8","0321.4Pad.Up5.3",NA,5,2.02
18,"A9","0321.4Pad.Up5.3",NA,5,2.02
18,"A10","0421.4Pad.Up5.2",37.1173706054688,5,2.01
18,"A11","0421.4Pad.Up5.2",35.7338752746582,5,2.01
18,"A12","0421.4Pad.Up5.2",35.595458984375,5,2.01
18,"B1","St2",26.2548046112061,NA,NA
18,"B2","St2",26.0146980285645,NA,NA
18,"B3","St2",26.0431747436523,NA,NA
18,"B4","0321.4Pad.Dn.2",35.8115310668945,1,1.98
18,"B5","0321.4Pad.Dn.2",35.445915222168,1,1.98
18,"B6","0321.4Pad.Dn.2",35.3977890014648,1,1.98
18,"B7","0421.4Pad.Dn.1",36.2004508972168,14,2.04
18,"B8","0421.4Pad.Dn.1",36.0546607971191,14,2.04
18,"B9","0421.4Pad.Dn.1",36.643440246582,14,2.04
18,"B10","0421.4Pad.Up5.3",37.6491737365723,5,2.01
18,"B11","0421.4Pad.Up5.3",38.2823181152344,5,2.01
18,"B12","0421.4Pad.Up5.3",NA,5,2.01
18,"C1","St3",29.6182289123535,NA,NA
18,"C2","St3",29.6205425262451,NA,NA
18,"C3","St3",29.8071517944336,NA,NA
18,"C7","0421.4Pad.Dn.2",36.937614440918,14,2.02
18,"C8","0421.4Pad.Dn.2",36.923267364502,14,2.02
18,"C9","0421.4Pad.Dn.2",37.4629516601562,14,2.02
18,"C10","0521.4Pad.Dn.1",36.5964546203613,10,2.01333333333333
18,"C11","0521.4Pad.Dn.1",35.9838180541992,10,2.01333333333333
18,"C12","0521.4Pad.Dn.1",35.9568862915039,10,2.01333333333333
18,"D1","St4",32.9648170471191,NA,NA
18,"D2","St4",32.8688468933105,NA,NA
18,"D3","St4",32.9869422912598,NA,NA
18,"D7","0421.4Pad.Dn.3",36.1199913024902,4,2.03
18,"D8","0421.4Pad.Dn.3",36.2706298828125,4,2.03
18,"D9","0421.4Pad.Dn.3",36.0414047241211,4,2.03
18,"E1","St5",37.4748268127441,NA,NA
18,"E2","St5",36.2247085571289,NA,NA
18,"E3","St5",36.9022941589355,NA,NA
18,"E4","0321.4Pad.Up11.2",NA,4,2
18,"E5","0321.4Pad.Up11.2",39.7767715454102,4,2
18,"E6","0321.4Pad.Up11.2",39.5330581665039,4,2
18,"E7","0421.4Pad.Up11.1",34.8740196228027,1,2.01666666666667
18,"E8","0421.4Pad.Up11.1",35.628116607666,1,2.01666666666667
18,"E9","0421.4Pad.Up11.1",35.088321685791,1,2.01666666666667
18,"E10","0521.4Pad.Dn.3",32.7667808532715,2,2.01333333333333
18,"E11","0521.4Pad.Dn.3",33.2753143310547,2,2.01333333333333
18,"E12","0521.4Pad.Dn.3",33.1637687683105,2,2.01333333333333
18,"F1","St6",36.8176002502441,NA,NA
18,"F2","St6",37.7760238647461,NA,NA
18,"F3","St6",37.9712181091309,NA,NA
18,"F4","0321.4Pad.Up11.3",37.4620552062988,1,1.99
18,"F5","0321.4Pad.Up11.3",NA,1,1.99
18,"F6","0321.4Pad.Up11.3",36.8234367370605,1,1.99
18,"F7","0421.4Pad.Up11.2",35.0967979431152,1,2.01666666666667
18,"F8","0421.4Pad.Up11.2",35.076473236084,1,2.01666666666667
18,"F9","0421.4Pad.Up11.2",36.0218162536621,1,2.01666666666667
18,"F10","0521.4Pad.Up11.1",36.2534980773926,1,2.01
18,"F11","0521.4Pad.Up11.1",36.9478492736816,1,2.01
18,"F12","0521.4Pad.Up11.1",35.7288551330566,1,2.01
18,"G1","St7",37.50439453125,NA,NA
18,"G2","St7",36.7177314758301,NA,NA
18,"G3","St7",36.9711837768555,NA,NA
18,"G7","0421.4Pad.Up11.3",38.2393417358398,14,2.01666666666667
18,"G8","0421.4Pad.Up11.3",39.1631393432617,14,2.01666666666667
18,"G9","0421.4Pad.Up11.3",37.0071983337402,14,2.01666666666667
18,"H1","St8",39.109203338623,NA,NA
18,"H2","St8",40.9501419067383,NA,NA
18,"H3","St8",NA,NA,NA
18,"H4","0321.4Pad.Up5.2",NA,5,2.01
18,"H5","0321.4Pad.Up5.2",NA,5,2.01
18,"H6","0321.4Pad.Up5.2",NA,5,2.01
18,"H7","0421.4Pad.Up5.1",37.4876136779785,1,2.01
18,"H8","0421.4Pad.Up5.1",35.9815864562988,1,2.01
18,"H9","0421.4Pad.Up5.1",35.2535133361816,1,2.01
19,"A1","St1",23.6056137084961,NA,NA
19,"A2","St1",23.3164291381836,NA,NA
19,"A3","St1",23.4891395568848,NA,NA
19,"A4","0521.4Pad.Up5.2",40.9365463256836,2,2.01666666666667
19,"A5","0521.4Pad.Up5.2",NA,2,2.01666666666667
19,"A6","0521.4Pad.Up5.2",NA,2,2.01666666666667
19,"A10","0821.4Pad.Up11.2",34.6430282592773,1,2
19,"A11","0821.4Pad.Up11.2",34.8712997436523,1,2
19,"A12","0821.4Pad.Up11.2",34.746753692627,1,2
19,"B1","St2",26.9155368804932,NA,NA
19,"B2","St2",26.9795246124268,NA,NA
19,"B3","St2",26.8316326141357,NA,NA
19,"B4","0621.4Pad.Dn.1",33.5826263427734,1,2.02333333333333
19,"B5","0621.4Pad.Dn.1",33.4203643798828,1,2.02333333333333
19,"B6","0621.4Pad.Dn.1",33.4421997070312,1,2.02333333333333
19,"B7","0721.4Pad.Up11.1",32.9951820373535,1,2.02333333333333
19,"B8","0721.4Pad.Up11.1",32.7652740478516,1,2.02333333333333
19,"B9","0721.4Pad.Up11.1",32.8677177429199,1,2.02333333333333
19,"B10","0821.4Pad.Up5.1",NA,1,2.02666666666667
19,"B11","0821.4Pad.Up5.1",NA,1,2.02666666666667
19,"B12","0821.4Pad.Up5.1",NA,1,2.02666666666667
19,"C1","St3",30.2374534606934,NA,NA
19,"C2","St3",30.140344619751,NA,NA
19,"C3","St3",30.0885734558105,NA,NA
19,"C4","0621.4Pad.Dn.2",33.667667388916,1,2.02333333333333
19,"C5","0621.4Pad.Dn.2",33.65625,1,2.02333333333333
19,"C6","0621.4Pad.Dn.2",33.4539566040039,1,2.02333333333333
19,"C7","0721.4Pad.Up11.2",NA,1,2.02333333333333
19,"C8","0721.4Pad.Up11.2",NA,1,2.02333333333333
19,"C9","0721.4Pad.Up11.2",NA,1,2.02333333333333
19,"C10","0821.4Pad.Up5.2",NA,1,2.02666666666667
19,"C11","0821.4Pad.Up5.2",NA,1,2.02666666666667
19,"C12","0821.4Pad.Up5.2",NA,1,2.02666666666667
19,"D1","St4",33.504150390625,NA,NA
19,"D2","St4",33.3945274353027,NA,NA
19,"D3","St4",33.4059715270996,NA,NA
19,"D4","0621.4Pad.Dn.3",34.0261077880859,1,2.02333333333333
19,"D5","0621.4Pad.Dn.3",34.029411315918,1,2.02333333333333
19,"D6","0621.4Pad.Dn.3",33.5807571411133,1,2.02333333333333
19,"D7","0721.4Pad.Up11.3",32.6512641906738,1,2.02333333333333
19,"D8","0721.4Pad.Up11.3",32.9086151123047,1,2.02333333333333
19,"D9","0721.4Pad.Up11.3",32.5132255554199,1,2.02333333333333
19,"D10","0821.4Pad.Up5.3",NA,1,2.02666666666667
19,"D11","0821.4Pad.Up5.3",NA,1,2.02666666666667
19,"D12","0821.4Pad.Up5.3",NA,1,2.02666666666667
19,"E1","St5",36.7581787109375,NA,NA
19,"E2","St5",36.3379020690918,NA,NA
19,"E3","St5",37.5605163574219,NA,NA
19,"E4","0621.4Pad.Up11.1",36.9228172302246,1,2.00666666666667
19,"E5","0621.4Pad.Up11.1",36.2387275695801,1,2.00666666666667
19,"E6","0621.4Pad.Up11.1",35.7278671264648,1,2.00666666666667
19,"E7","0721.4Pad.Up5.1",NA,1,2.01333333333333
19,"E8","0721.4Pad.Up5.1",NA,1,2.01333333333333
19,"E9","0721.4Pad.Up5.1",NA,1,2.01333333333333
19,"E10","0921.4Pad.Dn.1",35.6358032226562,1,2.03666666666667
19,"E11","0921.4Pad.Dn.1",35.2938613891602,1,2.03666666666667
19,"E12","0921.4Pad.Dn.1",34.7525100708008,1,2.03666666666667
19,"F1","St6",38.6641540527344,NA,NA
19,"F2","St6",38.8512992858887,NA,NA
19,"F3","St6",39.8646583557129,NA,NA
19,"F4","0621.4Pad.Up11.2",31.9765110015869,1,2.00666666666667
19,"F5","0621.4Pad.Up11.2",32.1306571960449,1,2.00666666666667
19,"F6","0621.4Pad.Up11.2",32.1260032653809,1,2.00666666666667
19,"F7","0721.4Pad.Up5.3",NA,1,2.01333333333333
19,"F8","0721.4Pad.Up5.3",NA,1,2.01333333333333
19,"F9","0721.4Pad.Up5.3",NA,1,2.01333333333333
19,"F10","0921.4Pad.Dn.2",35.5490875244141,1,2.03666666666667
19,"F11","0921.4Pad.Dn.2",34.245906829834,1,2.03666666666667
19,"F12","0921.4Pad.Dn.2",35.9668960571289,1,2.03666666666667
19,"G1","St7",38.4417266845703,NA,NA
19,"G2","St7",NA,NA,NA
19,"G3","St7",39.394775390625,NA,NA
19,"G7","0821.4Pad.Dn.1",NA,1,2.01
19,"G8","0821.4Pad.Dn.1",NA,1,2.01
19,"G9","0821.4Pad.Dn.1",NA,1,2.01
19,"H1","St8",39.3485641479492,NA,NA
19,"H2","St8",40.4558410644531,NA,NA
19,"H3","St8",NA,NA,NA
19,"H4","0721.4Pad.Dn.1",33.6176223754883,1,2.01
19,"H5","0721.4Pad.Dn.1",33.4277267456055,1,2.01
19,"H6","0721.4Pad.Dn.1",33.7770080566406,1,2.01
19,"H7","0821.4Pad.Up11.1",35.2137718200684,1,2
19,"H8","0821.4Pad.Up11.1",34.9702262878418,1,2
19,"H9","0821.4Pad.Up11.1",34.4343605041504,1,2
25,"A1","St1",22.9738483428955,NA,NA
25,"A2","St1",22.9463882446289,NA,NA
25,"A3","St1",22.8285179138184,NA,NA
25,"A4","0821.1Prt.Up.2",39.3866004943848,100,2.01333333333333
25,"A5","0821.1Prt.Up.2",39.2162780761719,100,2.01333333333333
25,"A6","0821.1Prt.Up.2",37.3959808349609,100,2.01333333333333
25,"B1","St2",26.2466259002686,NA,NA
25,"B2","St2",26.3551349639893,NA,NA
25,"B3","St2",26.2321014404297,NA,NA
25,"B4","0521.4Pad.Dn.2",37.1339073181152,10,2.01333333333333
25,"B5","0521.4Pad.Dn.2",36.3658828735352,10,2.01333333333333
25,"B6","0521.4Pad.Dn.2",37.0429878234863,10,2.01333333333333
25,"C1","St3",29.8490352630615,NA,NA
25,"C2","St3",29.8573589324951,NA,NA
25,"C3","St3",29.7122364044189,NA,NA
25,"C4","0721.4Pad.Dn.3",33.9122886657715,1,2.01
25,"C5","0721.4Pad.Dn.3",34.310546875,1,2.01
25,"C6","0721.4Pad.Dn.3",34.1916961669922,1,2.01
25,"D1","St4",33.5168685913086,NA,NA
25,"D2","St4",33.5541076660156,NA,NA
25,"D3","St4",33.4487075805664,NA,NA
25,"D4","1121.4Pad.Up11.1",NA,1,1.07666666666667
25,"D5","1121.4Pad.Up11.1",NA,1,1.07666666666667
25,"D6","1121.4Pad.Up11.1",NA,1,1.07666666666667
25,"E1","St5",36.982177734375,NA,NA
25,"E2","St5",36.3954086303711,NA,NA
25,"E3","St5",36.2734184265137,NA,NA
25,"E4","1121.4Pad.Up11.3",NA,1,1.07666666666667
25,"E5","1121.4Pad.Up11.3",NA,1,1.07666666666667
25,"E6","1121.4Pad.Up11.3",NA,1,1.07666666666667
25,"F1","St6",37.5373306274414,NA,NA
25,"F2","St6",37.3637390136719,NA,NA
25,"F3","St6",38.5416564941406,NA,NA
25,"F4","1121.4Pad.Up5.3",NA,1,1.23333333333333
25,"F5","1121.4Pad.Up5.3",NA,1,1.23333333333333
25,"F6","1121.4Pad.Up5.3",NA,1,1.23333333333333
25,"G1","St7",37.5838165283203,NA,NA
25,"G2","St7",38.3207893371582,NA,NA
25,"G3","St7",36.9696311950684,NA,NA
25,"G4","1121.4Pad.Dn.2",NA,1,1.18666666666667
25,"G5","1121.4Pad.Dn.2",NA,1,1.18666666666667
25,"G6","1121.4Pad.Dn.2",NA,1,1.18666666666667
25,"H1","St8",NA,NA,NA
25,"H2","St8",40.0123100280762,NA,NA
25,"H3","St8",41.9431571960449,NA,NA
13,"A1","St1",21.8471202850342,NA,NA
13,"A2","St1",22.0246410369873,NA,NA
13,"A3","St1",21.9577560424805,NA,NA
13,"A7","0222.2Brn.Up.3",NA,1,2.05
13,"A8","0222.2Brn.Up.3",NA,1,2.05
13,"A9","0222.2Brn.Up.3",NA,1,2.05
13,"B1","St2",25.6064872741699,NA,NA
13,"B2","St2",25.6044158935547,NA,NA
13,"B3","St2",25.5450897216797,NA,NA
13,"B4","0222.1Prt.Up.2",35.2722549438477,10,2
13,"B5","0222.1Prt.Up.2",35.2943077087402,10,2
13,"B6","0222.1Prt.Up.2",35.6384162902832,10,2
13,"B7","0222.3Chk.Dn.1",35.5135879516602,1,1.98333333333333
13,"B8","0222.3Chk.Dn.1",36.5223236083984,1,1.98333333333333
13,"B9","0222.3Chk.Dn.1",35.5012702941895,1,1.98333333333333
13,"C1","St3",29.4645481109619,NA,NA
13,"C2","St3",29.4348793029785,NA,NA
13,"C3","St3",29.5632286071777,NA,NA
13,"D1","St4",32.0695648193359,NA,NA
13,"D2","St4",32.1439819335938,NA,NA
13,"D3","St4",32.271125793457,NA,NA
13,"D4","0222.2Brn.Dn.1",34.2235641479492,1,2.01
13,"D5","0222.2Brn.Dn.1",35.3123245239258,1,2.01
13,"D6","0222.2Brn.Dn.1",36.258113861084,1,2.01
13,"E1","St5",34.9513778686523,NA,NA
13,"E2","St5",36.2596855163574,NA,NA
13,"E3","St5",34.8325424194336,NA,NA
13,"E4","0222.2Brn.Dn.2",33.0003395080566,1,2.01
13,"E5","0222.2Brn.Dn.2",32.8605995178223,1,2.01
13,"E6","0222.2Brn.Dn.2",33.6989288330078,1,2.01
13,"F1","St6",38.4640312194824,NA,NA
13,"F2","St6",37.9766693115234,NA,NA
13,"F3","St6",36.6147384643555,NA,NA
13,"F4","0222.2Brn.Dn.3",36.0009956359863,1,2.01
13,"F5","0222.2Brn.Dn.3",36.1946029663086,1,2.01
13,"F6","0222.2Brn.Dn.3",37.619197845459,1,2.01
13,"G1","St7",37.4843711853027,NA,NA
13,"G2","St7",37.1500434875488,NA,NA
13,"G3","St7",37.2433128356934,NA,NA
13,"G4","0222.2Brn.Up.1",NA,1,2.05
13,"G5","0222.2Brn.Up.1",NA,1,2.05
13,"G6","0222.2Brn.Up.1",NA,1,2.05
13,"H1","St8",39.9355621337891,NA,NA
13,"H2","St8",37.9328727722168,NA,NA
13,"H3","St8",38.1572380065918,NA,NA
13,"H4","0222.2Brn.Up.2",NA,1,2.05
13,"H5","0222.2Brn.Up.2",NA,1,2.05
13,"H6","0222.2Brn.Up.2",NA,1,2.05
26,"A1","St1",22.7837352752686,NA,NA
26,"A2","St1",22.545862197876,NA,NA
26,"A3","St1",22.8771457672119,NA,NA
26,"A4","0321.2Brn.Up.1",NA,10,2.01
26,"A5","0321.2Brn.Up.1",NA,10,2.01
26,"A6","0321.2Brn.Up.1",NA,10,2.01
26,"A7","0721.2Brn.Up.2",NA,10,2.01666666666667
26,"A8","0721.2Brn.Up.2",NA,10,2.01666666666667
26,"A9","0721.2Brn.Up.2",NA,10,2.01666666666667
26,"A10","1221.3Chk.Up.1",NA,10,1.70333333333333
26,"A11","1221.3Chk.Up.1",NA,10,1.70333333333333
26,"A12","1221.3Chk.Up.1",NA,10,1.70333333333333
26,"B1","St2",26.3484477996826,NA,NA
26,"B2","St2",26.2779140472412,NA,NA
26,"B3","St2",26.3127288818359,NA,NA
26,"B4","0321.2Brn.Up.3",NA,10,2
26,"B5","0321.2Brn.Up.3",NA,10,2
26,"B6","0321.2Brn.Up.3",NA,10,2
26,"B7","0721.1Prt.Up.1",37.0273628234863,100,2.01333333333333
26,"B8","0721.1Prt.Up.1",37.3767738342285,100,2.01333333333333
26,"B9","0721.1Prt.Up.1",37.4316482543945,100,2.01333333333333
26,"B10","1221.3Chk.Up.2",NA,10,1.70333333333333
26,"B11","1221.3Chk.Up.2",NA,10,1.70333333333333
26,"B12","1221.3Chk.Up.2",NA,10,1.70333333333333
26,"C1","St3",29.7866878509521,NA,NA
26,"C2","St3",29.6743659973145,NA,NA
26,"C3","St3",29.843334197998,NA,NA
26,"C4","0421.3Chk.Up.2",NA,10,2.01
26,"C5","0421.3Chk.Up.2",NA,10,2.01
26,"C6","0421.3Chk.Up.2",NA,10,2.01
26,"C7","0721.1Prt.Up.2",38.3951568603516,100,2.01333333333333
26,"C8","0721.1Prt.Up.2",NA,100,2.01333333333333
26,"C9","0721.1Prt.Up.2",NA,100,2.01333333333333
26,"C10","0122.1Prt.Dn.1",37.595458984375,100,2.02666666666667
26,"C11","0122.1Prt.Dn.1",NA,100,2.02666666666667
26,"C12","0122.1Prt.Dn.1",38.1697235107422,100,2.02666666666667
26,"D1","St4",32.5615272521973,NA,NA
26,"D2","St4",32.7669219970703,NA,NA
26,"D3","St4",32.9292945861816,NA,NA
26,"D4","0521.2Brn.Dn.1",34.9779853820801,100,2.01
26,"D5","0521.2Brn.Dn.1",34.8649787902832,100,2.01
26,"D6","0521.2Brn.Dn.1",34.6014595031738,100,2.01
26,"D7","0721.1Prt.Up.3",38.1498565673828,100,2.01333333333333
26,"D8","0721.1Prt.Up.3",37.0749397277832,100,2.01333333333333
26,"D9","0721.1Prt.Up.3",35.764232635498,100,2.01333333333333
26,"D10","0122.1Prt.Dn.2",38.7602005004883,100,2.02666666666667
26,"D11","0122.1Prt.Dn.2",38.6383934020996,100,2.02666666666667
26,"D12","0122.1Prt.Dn.2",38.8284912109375,100,2.02666666666667
26,"E1","St5",36.9729118347168,NA,NA
26,"E2","St5",36.4810485839844,NA,NA
26,"E3","St5",36.4179344177246,NA,NA
26,"E4","0621.2Brn.Up.1",NA,10,2.02
26,"E5","0621.2Brn.Up.1",NA,10,2.02
26,"E6","0621.2Brn.Up.1",NA,10,2.02
26,"E7","0721.2Brn.Dn.2",31.6990814208984,10,2.04
26,"E8","0721.2Brn.Dn.2",32.4497222900391,10,2.04
26,"E9","0721.2Brn.Dn.2",32.1205215454102,10,2.04
26,"E10","1221.5Sqm.Up.2",38.676628112793,10,2.00333333333333
26,"E11","1221.5Sqm.Up.2",38.4643096923828,10,2.00333333333333
26,"E12","1221.5Sqm.Up.2",37.3572387695312,10,2.00333333333333
26,"F1","St6",36.2682685852051,NA,NA
26,"F2","St6",36.9486694335938,NA,NA
26,"F3","St6",37.7468185424805,NA,NA
26,"F4","0721.1Prt.Dn.2",34.5520477294922,10,2.02
26,"F5","0721.1Prt.Dn.2",34.9153518676758,10,2.02
26,"F6","0721.1Prt.Dn.2",34.9205627441406,10,2.02
26,"F7","0821.2Brn.Up.2",NA,10,2.01
26,"F8","0821.2Brn.Up.2",NA,10,2.01
26,"F9","0821.2Brn.Up.2",NA,10,2.01
26,"F10","0921.3Chk.Up.3",29.1949081420898,10,2.01666666666667
26,"F11","0921.3Chk.Up.3",29.225435256958,10,2.01666666666667
26,"F12","0921.3Chk.Up.3",29.2091579437256,10,2.01666666666667
26,"G1","St7",37.410472869873,NA,NA
26,"G2","St7",37.8933143615723,NA,NA
26,"G3","St7",38.7342262268066,NA,NA
26,"G4","0721.2Brn.Up.1",NA,10,2.01666666666667
26,"G5","0721.2Brn.Up.1",NA,10,2.01666666666667
26,"G6","0721.2Brn.Up.1",NA,10,2.01666666666667
26,"G7","0721.5Sqm.Dn.2",30.8220252990723,10,1.55
26,"G8","0721.5Sqm.Dn.2",30.8427257537842,10,1.55
26,"G9","0721.5Sqm.Dn.2",30.9247035980225,10,1.55
26,"H1","St8",NA,NA,NA
26,"H2","St8",40.9553489685059,NA,NA
26,"H3","St8",39.7855186462402,NA,NA
26,"H4","0721.1Prt.Dn.3",34.5789604187012,10,2.02
26,"H5","0721.1Prt.Dn.3",35.1125526428223,10,2.02
26,"H6","0721.1Prt.Dn.3",34.3118591308594,10,2.02
26,"H7","0821.1Prt.Up.1",37.5215759277344,100,2.01333333333333
26,"H8","0821.1Prt.Up.1",35.9593734741211,100,2.01333333333333
26,"H9","0821.1Prt.Up.1",40.0094528198242,100,2.01333333333333
27,"A1","St1",23.2902793884277,NA,NA
27,"A2","St1",23.3105449676514,NA,NA
27,"A3","St1",23.3466815948486,NA,NA
27,"A4","0122.5Sqm.Dn.1",36.2245025634766,10,1.01666666666667
27,"A5","0122.5Sqm.Dn.1",37.5860900878906,10,1.01666666666667
27,"A6","0122.5Sqm.Dn.1",37.2562103271484,10,1.01666666666667
27,"B1","St2",26.5550765991211,NA,NA
27,"B2","St2",26.6160621643066,NA,NA
27,"B3","St2",26.6356105804443,NA,NA
27,"B4","0621.2Brn.Up.2",NA,100,2.02
27,"B5","0621.2Brn.Up.2",NA,100,2.02
27,"B6","0621.2Brn.Up.2",NA,100,2.02
27,"C1","St3",29.884105682373,NA,NA
27,"C2","St3",29.9336242675781,NA,NA
27,"C3","St3",29.9993095397949,NA,NA
27,"D1","St4",32.9808769226074,NA,NA
27,"D2","St4",32.9845085144043,NA,NA
27,"D3","St4",33.0765228271484,NA,NA
27,"D4","0222.1Prt.Up.2",34.2165603637695,20,2
27,"D5","0222.1Prt.Up.2",34.2649307250977,20,2
27,"D6","0222.1Prt.Up.2",34.6444969177246,20,2
27,"E1","St5",36.3594665527344,NA,NA
27,"E2","St5",36.1564712524414,NA,NA
27,"E3","St5",35.9768409729004,NA,NA
27,"E4","0222.1Prt.Up.3",35.2985000610352,20,2
27,"E5","0222.1Prt.Up.3",34.7691841125488,20,2
27,"E6","0222.1Prt.Up.3",34.9027252197266,20,2
27,"F1","St6",36.9812393188477,NA,NA
27,"F2","St6",37.0713653564453,NA,NA
27,"F3","St6",37.6613616943359,NA,NA
27,"G1","St7",38.5080337524414,NA,NA
27,"G2","St7",37.8094863891602,NA,NA
27,"G3","St7",38.0923080444336,NA,NA
27,"H1","St8",40.3566398620605,NA,NA
27,"H2","St8",38.2860794067383,NA,NA
27,"H3","St8",40.9589385986328,NA,NA
28,"A1","St1",19.6692504882812,NA,NA
28,"A2","St1",19.5452938079834,NA,NA
28,"A3","St1",19.6187591552734,NA,NA
28,"A4","0321.3Chk.Up.2",NA,100,2.02
28,"A5","0321.3Chk.Up.2",NA,100,2.02
28,"A6","0321.3Chk.Up.2",NA,100,2.02
28,"A7","0421.2Brn.Up.1",NA,10,2.02666666666667
28,"A8","0421.2Brn.Up.1",NA,10,2.02666666666667
28,"A9","0421.2Brn.Up.1",NA,10,2.02666666666667
28,"B1","St2",22.9564533233643,NA,NA
28,"B2","St2",23.084888458252,NA,NA
28,"B3","St2",23.0332736968994,NA,NA
28,"B4","0321.2Brn.Up.2",NA,10,1.99
28,"B5","0321.2Brn.Up.2",NA,10,1.99
28,"B6","0321.2Brn.Up.2",NA,10,1.99
28,"B7","0421.1Prt.Up.1",37.077808380127,100,2.02
28,"B8","0421.1Prt.Up.1",36.7246551513672,100,2.02
28,"B9","0421.1Prt.Up.1",NA,100,2.02
28,"B10","0721.5Sqm.Dn.3",30.0501251220703,10,1.55
28,"B11","0721.5Sqm.Dn.3",29.7574596405029,10,1.55
28,"B12","0721.5Sqm.Dn.3",30.1440849304199,10,1.55
28,"C1","St3",26.4300937652588,NA,NA
28,"C2","St3",26.4268970489502,NA,NA
28,"C3","St3",26.4794178009033,NA,NA
28,"C4","0321.5Sqm.Up.2",36.1550788879395,10,1.96
28,"C5","0321.5Sqm.Up.2",35.5636978149414,10,1.96
28,"C6","0321.5Sqm.Up.2",34.5822639465332,10,1.96
28,"C7","0421.2Brn.Up.3",NA,10,2.02666666666667
28,"C8","0421.2Brn.Up.3",NA,10,2.02666666666667
28,"C9","0421.2Brn.Up.3",NA,10,2.02666666666667
28,"C10","1021.5Sqm.Dn.2",NA,10,2.02
28,"C11","1021.5Sqm.Dn.2",NA,10,2.02
28,"C12","1021.5Sqm.Dn.2",NA,10,2.02
28,"D1","St4",29.8681926727295,NA,NA
28,"D2","St4",29.6094036102295,NA,NA
28,"D3","St4",29.8637886047363,NA,NA
28,"D7","0421.3Chk.Dn.1",35.5373573303223,10,2.02666666666667
28,"D8","0421.3Chk.Dn.1",34.9151573181152,10,2.02666666666667
28,"D9","0421.3Chk.Dn.1",35.5019187927246,10,2.02666666666667
28,"D10","1121.1Prt.Up.1",37.2339057922363,100,2.02
28,"D11","1121.1Prt.Up.1",36.1012992858887,100,2.02
28,"D12","1121.1Prt.Up.1",37.3401222229004,100,2.02
28,"E1","St5",33.3214797973633,NA,NA
28,"E2","St5",32.6704444885254,NA,NA
28,"E3","St5",33.779541015625,NA,NA
28,"E4","0421.3Chk.Dn.3",35.8987426757812,10,2.02666666666667
28,"E5","0421.3Chk.Dn.3",NA,10,2.02666666666667
28,"E6","0421.3Chk.Dn.3",NA,10,2.02666666666667
28,"E7","0421.3Chk.Dn.2",NA,10,2.02666666666667
28,"E8","0421.3Chk.Dn.2",37.4831619262695,10,2.02666666666667
28,"E9","0421.3Chk.Dn.2",38.6250762939453,10,2.02666666666667
28,"E10","1021.5Sqm.Dn.3",37.2614517211914,10,2.02
28,"E11","1021.5Sqm.Dn.3",NA,10,2.02
28,"E12","1021.5Sqm.Dn.3",NA,10,2.02
28,"F1","St6",34.9013748168945,NA,NA
28,"F2","St6",36.2547073364258,NA,NA
28,"F3","St6",34.8305206298828,NA,NA
28,"F4","0421.2Brn.Dn.2",NA,10,2.07666666666667
28,"F5","0421.2Brn.Dn.2",NA,10,2.07666666666667
28,"F6","0421.2Brn.Dn.2",NA,10,2.07666666666667
28,"F7","0621.3Chk.Up.2",31.193078994751,10,2.02666666666667
28,"F8","0621.3Chk.Up.2",31.5742473602295,10,2.02666666666667
28,"F9","0621.3Chk.Up.2",31.4545783996582,10,2.02666666666667
28,"F10","1121.1Prt.Up.2",34.8311653137207,100,2.02
28,"F11","1121.1Prt.Up.2",35.9706115722656,100,2.02
28,"F12","1121.1Prt.Up.2",36.2901992797852,100,2.02
28,"G1","St7",35.9188117980957,NA,NA
28,"G2","St7",34.9619560241699,NA,NA
28,"G3","St7",35.6849555969238,NA,NA
28,"G4","0421.3Chk.Up.1",36.675952911377,10,2.01
28,"G5","0421.3Chk.Up.1",37.2066192626953,10,2.01
28,"G6","0421.3Chk.Up.1",38.3575744628906,10,2.01
28,"G7","0621.3Chk.Up.3",31.2729644775391,10,2.02666666666667
28,"G8","0621.3Chk.Up.3",31.6817398071289,10,2.02666666666667
28,"G9","0621.3Chk.Up.3",31.358959197998,10,2.02666666666667
28,"H1","St8",37.6047401428223,NA,NA
28,"H2","St8",36.8802528381348,NA,NA
28,"H3","St8",37.0486907958984,NA,NA
28,"H7","0621.5Sqm.Dn.3",35.4891204833984,100,2.02333333333333
28,"H8","0621.5Sqm.Dn.3",35.4215278625488,100,2.02333333333333
28,"H9","0621.5Sqm.Dn.3",34.0899810791016,100,2.02333333333333
29,"A1","St1",19.0519142150879,NA,NA
29,"A2","St1",19.1227035522461,NA,NA
29,"A3","St1",19.6602268218994,NA,NA
29,"A4","1021.5Sqm.Up.1",NA,10,2.01333333333333
29,"A5","1021.5Sqm.Up.1",NA,10,2.01333333333333
29,"A6","1021.5Sqm.Up.1",NA,10,2.01333333333333
29,"A7","1121.5Sqm.Dn.2",32.6365432739258,10,2.01333333333333
29,"A8","1121.5Sqm.Dn.2",34.4050712585449,10,2.01333333333333
29,"A9","1121.5Sqm.Dn.2",32.4791374206543,10,2.01333333333333
29,"A10","0921.2Brn.Dn.3",NA,100,2.02333333333333
29,"A11","0921.2Brn.Dn.3",NA,100,2.02333333333333
29,"A12","0921.2Brn.Dn.3",NA,100,2.02333333333333
29,"B1","St2",23.639404296875,NA,NA
29,"B2","St2",24.0218887329102,NA,NA
29,"B3","St2",24.432430267334,NA,NA
29,"B4","1021.5Sqm.Up.2",33.6799087524414,10,2.01333333333333
29,"B5","1021.5Sqm.Up.2",33.8728904724121,10,2.01333333333333
29,"B6","1021.5Sqm.Up.2",NA,10,2.01333333333333
29,"B7","1221.1Prt.Up.1",33.1248893737793,100,2.03
29,"B8","1221.1Prt.Up.1",34.5184135437012,100,2.03
29,"B9","1221.1Prt.Up.1",33.6050834655762,100,2.03
29,"B10","0921.2Brn.Up.1",NA,10,2.02333333333333
29,"B11","0921.2Brn.Up.1",NA,10,2.02333333333333
29,"B12","0921.2Brn.Up.1",NA,10,2.02333333333333
29,"C1","St3",28.1504611968994,NA,NA
29,"C2","St3",28.6973171234131,NA,NA
29,"C3","St3",29.1608715057373,NA,NA
29,"C4","1021.5Sqm.Up.3",NA,10,2.01333333333333
29,"C5","1021.5Sqm.Up.3",NA,10,2.01333333333333
29,"C6","1021.5Sqm.Up.3",35.2947158813477,10,2.01333333333333
29,"C7","1121.5Sqm.Dn.3",32.3769378662109,10,2.01333333333333
29,"C8","1121.5Sqm.Dn.3",32.8070182800293,10,2.01333333333333
29,"C9","1121.5Sqm.Dn.3",NA,10,2.01333333333333
29,"C10","0821.5Sqm.Dn.1",NA,10,1.51333333333333
29,"C11","0821.5Sqm.Dn.1",29.3569393157959,10,1.51333333333333
29,"C12","0821.5Sqm.Dn.1",30.3572540283203,10,1.51333333333333
29,"D1","St4",NA,NA,NA
29,"D2","St4",NA,NA,NA
29,"D3","St4",NA,NA,NA
29,"D4","1121.1Prt.Dn.1",32.113353729248,100,2.03
29,"D5","1121.1Prt.Dn.1",33.5620155334473,100,2.03
29,"D6","1121.1Prt.Dn.1",31.8282928466797,100,2.03
29,"D7","1121.5Sqm.Up.1",NA,10,2.03
29,"D8","1121.5Sqm.Up.1",34.4450302124023,10,2.03
29,"D9","1121.5Sqm.Up.1",34.4787330627441,10,2.03
29,"D10","0821.5Sqm.Dn.2",31.1798877716064,10,1.51333333333333
29,"D11","0821.5Sqm.Dn.2",30.5303077697754,10,1.51333333333333
29,"D12","0821.5Sqm.Dn.2",29.9889850616455,10,1.51333333333333
29,"E1","St5",32.5189476013184,NA,NA
29,"E2","St5",32.8716506958008,NA,NA
29,"E3","St5",32.5975761413574,NA,NA
29,"E4","1121.1Prt.Dn.2",34.449577331543,100,2.03
29,"E5","1121.1Prt.Dn.2",NA,100,2.03
29,"E6","1121.1Prt.Dn.2",NA,100,2.03
29,"E7","1121.5Sqm.Up.3",33.5386276245117,10,2.03
29,"E8","1121.5Sqm.Up.3",NA,10,2.03
29,"E9","1121.5Sqm.Up.3",33.6642265319824,10,2.03
29,"E10","0421.1Prt.Up.2",NA,1000,2.02
29,"E11","0421.1Prt.Up.2",NA,1000,2.02
29,"E12","0421.1Prt.Up.2",39.0668601989746,1000,2.02
29,"F1","St6",35.054027557373,NA,NA
29,"F2","St6",35.3416290283203,NA,NA
29,"F3","St6",35.667350769043,NA,NA
29,"F4","1121.3Chk.Up.3",NA,10,2.01
29,"F5","1121.3Chk.Up.3",34.3431015014648,10,2.01
29,"F6","1121.3Chk.Up.3",35.3578796386719,10,2.01
29,"F7","1221.3Chk.Up.3",NA,10,1.70333333333333
29,"F8","1221.3Chk.Up.3",NA,10,1.70333333333333
29,"F9","1221.3Chk.Up.3",NA,10,1.70333333333333
29,"F10","0621.2Brn.Dn.1",NA,100,2.03333333333333
29,"F11","0621.2Brn.Dn.1",NA,100,2.03333333333333
29,"F12","0621.2Brn.Dn.1",NA,100,2.03333333333333
29,"G1","St7",37.9367485046387,NA,NA
29,"G2","St7",36.6029090881348,NA,NA
29,"G3","St7",37.3056106567383,NA,NA
29,"G4","1121.5Sqm.Dn.1",34.1886863708496,10,2.01333333333333
29,"G5","1121.5Sqm.Dn.1",33.7189636230469,10,2.01333333333333
29,"G6","1121.5Sqm.Dn.1",33.6383514404297,10,2.01333333333333
29,"G7","0122.1Prt.Up.2",33.6257019042969,100,1.97666666666667
29,"G8","0122.1Prt.Up.2",34.5204124450684,100,1.97666666666667
29,"G9","0122.1Prt.Up.2",NA,100,1.97666666666667
29,"H1","St8",37.8995399475098,NA,NA
29,"H2","St8",NA,NA,NA
29,"H3","St8",37.9994964599609,NA,NA
29,"H4","1221.1Prt.Dn.3",35.8138771057129,100,2.02666666666667
29,"H5","1221.1Prt.Dn.3",NA,100,2.02666666666667
29,"H6","1221.1Prt.Dn.3",36.0800476074219,100,2.02666666666667
29,"H7","0921.1Prt.Up.2",33.3350105285645,100,2.02
29,"H8","0921.1Prt.Up.2",33.110481262207,100,2.02
29,"H9","0921.1Prt.Up.2",NA,100,2.02
30,"A1","St1",25.2877178192139,NA,NA
30,"A2","St1",25.2944526672363,NA,NA
30,"A3","St1",25.2960319519043,NA,NA
30,"A4","0821.1Prt.Up.3",NA,1000,2.01333333333333
30,"A5","0821.1Prt.Up.3",40.5094718933105,1000,2.01333333333333
30,"A6","0821.1Prt.Up.3",NA,1000,2.01333333333333
30,"A7","0621.4Pad.Up11.3",36.569694519043,10,2.00666666666667
30,"A8","0621.4Pad.Up11.3",36.1825790405273,10,2.00666666666667
30,"A9","0621.4Pad.Up11.3",35.9250259399414,10,2.00666666666667
30,"B1","St2",28.6493377685547,NA,NA
30,"B2","St2",28.8639869689941,NA,NA
30,"B3","St2",28.8267059326172,NA,NA
30,"B4","1121.5Sqm.Up.2",NA,100,2.03
30,"B5","1121.5Sqm.Up.2",NA,100,2.03
30,"B6","1121.5Sqm.Up.2",NA,100,2.03
30,"C1","St3",31.7044486999512,NA,NA
30,"C2","St3",31.95046043396,NA,NA
30,"C3","St3",31.9606246948242,NA,NA
30,"C4","0122.4Pad.Dn.1",NA,10,2.04
30,"C5","0122.4Pad.Dn.1",NA,10,2.04
30,"C6","0122.4Pad.Dn.1",NA,10,2.04
30,"C7","1121.2Brn.Up.1",NA,10,2.02333333333333
30,"C8","1121.2Brn.Up.1",NA,10,2.02333333333333
30,"C9","1121.2Brn.Up.1",NA,10,2.02333333333333
30,"D1","St4",35.2485542297363,NA,NA
30,"D2","St4",36.1460571289062,NA,NA
30,"D3","St4",34.9620819091797,NA,NA
30,"D4","0222.4Pad.Dn.3",NA,10,2.00666666666667
30,"D5","0222.4Pad.Dn.3",NA,10,2.00666666666667
30,"D6","0222.4Pad.Dn.3",NA,10,2.00666666666667
30,"D7","0621.5Sqm.Up.2",NA,1000,2.00666666666667
30,"D8","0621.5Sqm.Up.2",NA,1000,2.00666666666667
30,"D9","0621.5Sqm.Up.2",NA,1000,2.00666666666667
30,"E1","St5",38.8172874450684,NA,NA
30,"E2","St5",40.7732620239258,NA,NA
30,"E3","St5",37.8872756958008,NA,NA
30,"E4","0222.4Pad.Up11.1",NA,10,2.00666666666667
30,"E5","0222.4Pad.Up11.1",39.4419441223145,10,2.00666666666667
30,"E6","0222.4Pad.Up11.1",NA,10,2.00666666666667
30,"E7","0421.2Brn.Dn.1",NA,100,2.07666666666667
30,"E8","0421.2Brn.Dn.1",NA,100,2.07666666666667
30,"E9","0421.2Brn.Dn.1",NA,100,2.07666666666667
30,"F1","St6",40.0349922180176,NA,NA
30,"F2","St6",38.1224403381348,NA,NA
30,"F3","St6",NA,NA,NA
30,"F4","0321.4Pad.Dn.3",NA,10,1.98
30,"F5","0321.4Pad.Dn.3",39.9765930175781,10,1.98
30,"F6","0321.4Pad.Dn.3",NA,10,1.98
30,"F7","0421.2Brn.Dn.3",NA,100,2.07666666666667
30,"F8","0421.2Brn.Dn.3",NA,100,2.07666666666667
30,"F9","0421.2Brn.Dn.3",NA,100,2.07666666666667
30,"G1","St7",NA,NA,NA
30,"G2","St7",NA,NA,NA
30,"G3","St7",39.8131980895996,NA,NA
30,"G4","0321.4Pad.Up11.1",37.9491729736328,10,2.01
30,"G5","0321.4Pad.Up11.1",NA,10,2.01
30,"G6","0321.4Pad.Up11.1",39.2858428955078,10,2.01
30,"H1","St8",NA,NA,NA
30,"H2","St8",NA,NA,NA
30,"H3","St8",NA,NA,NA
30,"H4","0321.4Pad.Up5.1",39.2632827758789,10,2.01
30,"H5","0321.4Pad.Up5.1",NA,10,2.01
30,"H6","0321.4Pad.Up5.1",NA,10,2.01
