"Plate","Well","Sample","Ct"
1,"A1","St1",20.1148376464844
1,"A2","St1",20.1148376464844
1,"A3","St1",20.1148376464844
1,"A4","0321.1Prt.Dn.1",NA
1,"A5","0321.1Prt.Dn.1",NA
1,"A6","0321.1Prt.Dn.1",NA
1,"A7","0321.2Brn.Dn.3",33.0004653930664
1,"A8","0321.2Brn.Dn.3",33.0004653930664
1,"A9","0321.2Brn.Dn.3",33.0004653930664
1,"A10","0321.3Chk.Up.2",34.8495635986328
1,"A11","0321.3Chk.Up.2",34.8495635986328
1,"A12","0321.3Chk.Up.2",34.8495635986328
1,"B1","St2",23.2845516204834
1,"B2","St2",23.2845516204834
1,"B3","St2",23.2845516204834
1,"B4","0321.1Prt.Dn.2",NA
1,"B5","0321.1Prt.Dn.2",NA
1,"B6","0321.1Prt.Dn.2",NA
1,"B7","0321.2Brn.Up.1",NA
1,"B8","0321.2Brn.Up.1",NA
1,"B9","0321.2Brn.Up.1",NA
1,"B10","0321.3Chk.Up.3",37.0596199035645
1,"B11","0321.3Chk.Up.3",37.0596199035645
1,"B12","0321.3Chk.Up.3",37.0596199035645
1,"C1","St3",26.7821502685547
1,"C2","St3",26.7821502685547
1,"C3","St3",26.7821502685547
1,"C4","0321.1Prt.Dn.3",37.2052459716797
1,"C5","0321.1Prt.Dn.3",37.2052459716797
1,"C6","0321.1Prt.Dn.3",37.2052459716797
1,"C7","0321.2Brn.Up.2",NA
1,"C8","0321.2Brn.Up.2",NA
1,"C9","0321.2Brn.Up.2",NA
1,"D1","St4",30.2272930145264
1,"D2","St4",30.2272930145264
1,"D3","St4",30.2272930145264
1,"D4","0321.1Prt.Up.1",35.7070808410645
1,"D5","0321.1Prt.Up.1",35.7070808410645
1,"D6","0321.1Prt.Up.1",35.7070808410645
1,"D7","0321.2Brn.Up.3",NA
1,"D8","0321.2Brn.Up.3",NA
1,"D9","0321.2Brn.Up.3",NA
1,"E1","St5",33.8998069763184
1,"E2","St5",33.8998069763184
1,"E3","St5",33.8998069763184
1,"E4","0321.1Prt.Up.2",34.4269561767578
1,"E5","0321.1Prt.Up.2",34.4269561767578
1,"E6","0321.1Prt.Up.2",34.4269561767578
1,"E7","0321.3Chk.Dn.1",37.019775390625
1,"E8","0321.3Chk.Dn.1",37.019775390625
1,"E9","0321.3Chk.Dn.1",37.019775390625
1,"F1","St6",35.1697235107422
1,"F2","St6",35.1697235107422
1,"F3","St6",35.1697235107422
1,"F4","0321.1Prt.Up.3",NA
1,"F5","0321.1Prt.Up.3",NA
1,"F6","0321.1Prt.Up.3",NA
1,"F7","0321.3Chk.Dn.2",33.6440696716309
1,"F8","0321.3Chk.Dn.2",33.6440696716309
1,"F9","0321.3Chk.Dn.2",33.6440696716309
1,"G1","St7",35.3711318969727
1,"G2","St7",35.3711318969727
1,"G3","St7",35.3711318969727
1,"G4","0321.2Brn.Dn.1",30.8958282470703
1,"G5","0321.2Brn.Dn.1",30.8958282470703
1,"G6","0321.2Brn.Dn.1",30.8958282470703
1,"G7","0321.3Chk.Dn.3",36.6053848266602
1,"G8","0321.3Chk.Dn.3",36.6053848266602
1,"G9","0321.3Chk.Dn.3",36.6053848266602
1,"H1","St8",36.2091178894043
1,"H2","St8",36.2091178894043
1,"H3","St8",36.2091178894043
1,"H4","0321.2Brn.Dn.2",34.479808807373
1,"H5","0321.2Brn.Dn.2",34.479808807373
1,"H6","0321.2Brn.Dn.2",34.479808807373
1,"H7","0321.3Chk.Up.1",35.961124420166
1,"H8","0321.3Chk.Up.1",35.961124420166
1,"H9","0321.3Chk.Up.1",35.961124420166
2,"A1","St1",20.1768112182617
2,"A2","St1",20.1768112182617
2,"A3","St1",20.1768112182617
2,"A4","0321.5Sqm.Up.2",33.3875732421875
2,"A5","0321.5Sqm.Up.2",33.3875732421875
2,"A6","0321.5Sqm.Up.2",33.3875732421875
2,"A7","0421.2Brn.Dn.1",35.0933837890625
2,"A8","0421.2Brn.Dn.1",35.0933837890625
2,"A9","0421.2Brn.Dn.1",35.0933837890625
2,"A10","0421.3Chk.Dn.3",33.1794395446777
2,"A11","0421.3Chk.Dn.3",33.1794395446777
2,"A12","0421.3Chk.Dn.3",33.1794395446777
2,"B1","St2",23.3846530914307
2,"B2","St2",23.3846530914307
2,"B3","St2",23.3846530914307
2,"B7","0421.2Brn.Dn.2",36.1092147827148
2,"B8","0421.2Brn.Dn.2",36.1092147827148
2,"B9","0421.2Brn.Dn.2",36.1092147827148
2,"B10","0421.3Chk.Up.1",33.5557441711426
2,"B11","0421.3Chk.Up.1",33.5557441711426
2,"B12","0421.3Chk.Up.1",33.5557441711426
2,"C1","St3",26.8435440063477
2,"C2","St3",26.8435440063477
2,"C3","St3",26.8435440063477
2,"C4","0421.1Prt.Dn.1",34.196533203125
2,"C5","0421.1Prt.Dn.1",34.196533203125
2,"C6","0421.1Prt.Dn.1",34.196533203125
2,"C7","0421.2Brn.Dn.3",33.7030601501465
2,"C8","0421.2Brn.Dn.3",33.7030601501465
2,"C9","0421.2Brn.Dn.3",33.7030601501465
2,"C10","0421.3Chk.Up.2",33.898998260498
2,"C11","0421.3Chk.Up.2",33.898998260498
2,"C12","0421.3Chk.Up.2",33.898998260498
2,"D1","St4",30.0554809570312
2,"D2","St4",30.0554809570312
2,"D3","St4",30.0554809570312
2,"D4","0421.1Prt.Dn.2",36.4918823242188
2,"D5","0421.1Prt.Dn.2",36.4918823242188
2,"D6","0421.1Prt.Dn.2",36.4918823242188
2,"D7","0421.2Brn.Up.1",NA
2,"D8","0421.2Brn.Up.1",NA
2,"D9","0421.2Brn.Up.1",NA
2,"E1","St5",33.6965713500977
2,"E2","St5",33.6965713500977
2,"E3","St5",33.6965713500977
2,"F1","St6",35.1032752990723
2,"F2","St6",35.1032752990723
2,"F3","St6",35.1032752990723
2,"F4","0421.1Prt.Up.1",33.1942367553711
2,"F5","0421.1Prt.Up.1",33.1942367553711
2,"F6","0421.1Prt.Up.1",33.1942367553711
2,"F7","0421.2Brn.Up.3",NA
2,"F8","0421.2Brn.Up.3",NA
2,"F9","0421.2Brn.Up.3",NA
2,"G1","St7",35.208381652832
2,"G2","St7",35.208381652832
2,"G3","St7",35.208381652832
2,"G7","0421.3Chk.Dn.1",33.4246826171875
2,"G8","0421.3Chk.Dn.1",33.4246826171875
2,"G9","0421.3Chk.Dn.1",33.4246826171875
2,"H1","St8",36.1761589050293
2,"H2","St8",36.1761589050293
2,"H3","St8",36.1761589050293
2,"H4","0421.1Prt.Up.3",34.7906303405762
2,"H5","0421.1Prt.Up.3",34.7906303405762
2,"H6","0421.1Prt.Up.3",34.7906303405762
2,"H7","0421.3Chk.Dn.2",35.503963470459
2,"H8","0421.3Chk.Dn.2",35.503963470459
2,"H9","0421.3Chk.Dn.2",35.503963470459
3,"A1","St1",22.3083190917969
3,"A2","St1",22.3083190917969
3,"A3","St1",22.3083190917969
3,"A7","0521.1Prt.Up.2",34.1230049133301
3,"A8","0521.1Prt.Up.2",34.1230049133301
3,"A9","0521.1Prt.Up.2",34.1230049133301
3,"A10","0521.3Chk.Dn.1",38.2945671081543
3,"A11","0521.3Chk.Dn.1",38.2945671081543
3,"A12","0521.3Chk.Dn.1",38.2945671081543
3,"B1","St2",25.525276184082
3,"B2","St2",25.525276184082
3,"B3","St2",25.525276184082
3,"B7","0521.1Prt.Up.3",34.2954177856445
3,"B8","0521.1Prt.Up.3",34.2954177856445
3,"B9","0521.1Prt.Up.3",34.2954177856445
3,"B10","0521.3Chk.Dn.2",35.2682914733887
3,"B11","0521.3Chk.Dn.2",35.2682914733887
3,"B12","0521.3Chk.Dn.2",35.2682914733887
3,"C1","St3",29.0015773773193
3,"C2","St3",29.0015773773193
3,"C3","St3",29.0015773773193
3,"C7","0521.2Brn.Dn.1",33.0941581726074
3,"C8","0521.2Brn.Dn.1",33.0941581726074
3,"C9","0521.2Brn.Dn.1",33.0941581726074
3,"C10","0521.3Chk.Dn.3",35.9656257629395
3,"C11","0521.3Chk.Dn.3",35.9656257629395
3,"C12","0521.3Chk.Dn.3",35.9656257629395
3,"D1","St4",32.2835083007812
3,"D2","St4",32.2835083007812
3,"D3","St4",32.2835083007812
3,"D7","0521.2Brn.Dn.2",33.7768287658691
3,"D8","0521.2Brn.Dn.2",33.7768287658691
3,"D9","0521.2Brn.Dn.2",33.7768287658691
3,"D10","0521.3Chk.Up.1",NA
3,"D11","0521.3Chk.Up.1",NA
3,"D12","0521.3Chk.Up.1",NA
3,"E1","St5",35.4466247558594
3,"E2","St5",35.4466247558594
3,"E3","St5",35.4466247558594
3,"E4","0521.1Prt.Dn.1",36.6331481933594
3,"E5","0521.1Prt.Dn.1",36.6331481933594
3,"E6","0521.1Prt.Dn.1",36.6331481933594
3,"E7","0521.2Brn.Dn.3",33.0220909118652
3,"E8","0521.2Brn.Dn.3",33.0220909118652
3,"E9","0521.2Brn.Dn.3",33.0220909118652
3,"E10","0521.3Chk.Up.2",35.496898651123
3,"E11","0521.3Chk.Up.2",35.496898651123
3,"E12","0521.3Chk.Up.2",35.496898651123
3,"F1","St6",36.9580116271973
3,"F2","St6",36.9580116271973
3,"F3","St6",36.9580116271973
3,"F4","0521.1Prt.Dn.2",36.5407524108887
3,"F5","0521.1Prt.Dn.2",36.5407524108887
3,"F6","0521.1Prt.Dn.2",36.5407524108887
3,"F7","0521.2Brn.Up.1",NA
3,"F8","0521.2Brn.Up.1",NA
3,"F9","0521.2Brn.Up.1",NA
3,"F10","0521.3Chk.Up.3",35.8850517272949
3,"F11","0521.3Chk.Up.3",35.8850517272949
3,"F12","0521.3Chk.Up.3",35.8850517272949
3,"G1","St7",37.4352149963379
3,"G2","St7",37.4352149963379
3,"G3","St7",37.4352149963379
3,"G4","0521.1Prt.Dn.3",34.9893341064453
3,"G5","0521.1Prt.Dn.3",34.9893341064453
3,"G6","0521.1Prt.Dn.3",34.9893341064453
3,"G7","0521.2Brn.Up.2",NA
3,"G8","0521.2Brn.Up.2",NA
3,"G9","0521.2Brn.Up.2",NA
3,"H1","St8",37.9312782287598
3,"H2","St8",37.9312782287598
3,"H3","St8",37.9312782287598
3,"H4","0521.1Prt.Up.1",38.0660705566406
3,"H5","0521.1Prt.Up.1",38.0660705566406
3,"H6","0521.1Prt.Up.1",38.0660705566406
3,"H7","0521.2Brn.Up.3",NA
3,"H8","0521.2Brn.Up.3",NA
3,"H9","0521.2Brn.Up.3",NA
4,"A1","St1",20.2881183624268
4,"A2","St1",20.2881183624268
4,"A3","St1",20.2881183624268
4,"A4","0521.5Sqm.Dn.1",32.1738929748535
4,"A5","0521.5Sqm.Dn.1",32.1738929748535
4,"A6","0521.5Sqm.Dn.1",32.1738929748535
4,"A7","0621.1Prt.Dn.3",32.5243110656738
4,"A8","0621.1Prt.Dn.3",32.5243110656738
4,"A9","0621.1Prt.Dn.3",32.5243110656738
4,"A10","0621.2Brn.Up.2",NA
4,"A11","0621.2Brn.Up.2",NA
4,"A12","0621.2Brn.Up.2",NA
4,"B1","St2",23.8484134674072
4,"B2","St2",23.8484134674072
4,"B3","St2",23.8484134674072
4,"B4","0521.5Sqm.Dn.2",30.5556888580322
4,"B5","0521.5Sqm.Dn.2",30.5556888580322
4,"B6","0521.5Sqm.Dn.2",30.5556888580322
4,"B7","0621.1Prt.Up.1",32.8446083068848
4,"B8","0621.1Prt.Up.1",32.8446083068848
4,"B9","0621.1Prt.Up.1",32.8446083068848
4,"B10","0621.2Brn.Up.3",NA
4,"B11","0621.2Brn.Up.3",NA
4,"B12","0621.2Brn.Up.3",NA
4,"C1","St3",27.2931385040283
4,"C2","St3",27.2931385040283
4,"C3","St3",27.2931385040283
4,"C4","0521.5Sqm.Dn.3",30.5222034454346
4,"C5","0521.5Sqm.Dn.3",30.5222034454346
4,"C6","0521.5Sqm.Dn.3",30.5222034454346
4,"C7","0621.1Prt.Up.2",32.6691055297852
4,"C8","0621.1Prt.Up.2",32.6691055297852
4,"C9","0621.1Prt.Up.2",32.6691055297852
4,"C10","0621.3Chk.Dn.1",28.3567905426025
4,"C11","0621.3Chk.Dn.1",28.3567905426025
4,"C12","0621.3Chk.Dn.1",28.3567905426025
4,"D1","St4",30.5736980438232
4,"D2","St4",30.5736980438232
4,"D3","St4",30.5736980438232
4,"D4","0521.5Sqm.Up.1",30.6546268463135
4,"D5","0521.5Sqm.Up.1",30.6546268463135
4,"D6","0521.5Sqm.Up.1",30.6546268463135
4,"D7","0621.1Prt.Up.3",32.3962364196777
4,"D8","0621.1Prt.Up.3",32.3962364196777
4,"D9","0621.1Prt.Up.3",32.3962364196777
4,"D10","0621.3Chk.Dn.2",27.5266284942627
4,"D11","0621.3Chk.Dn.2",27.5266284942627
4,"D12","0621.3Chk.Dn.2",27.5266284942627
4,"E1","St5",33.5225105285645
4,"E2","St5",33.5225105285645
4,"E3","St5",33.5225105285645
4,"E4","0521.5Sqm.Up.2",30.7840728759766
4,"E5","0521.5Sqm.Up.2",30.7840728759766
4,"E6","0521.5Sqm.Up.2",30.7840728759766
4,"E10","0621.3Chk.Dn.3",27.9637756347656
4,"E11","0621.3Chk.Dn.3",27.9637756347656
4,"E12","0621.3Chk.Dn.3",27.9637756347656
4,"F1","St6",34.9033851623535
4,"F2","St6",34.9033851623535
4,"F3","St6",34.9033851623535
4,"F4","0521.5Sqm.Up.3",30.5656604766846
4,"F5","0521.5Sqm.Up.3",30.5656604766846
4,"F6","0521.5Sqm.Up.3",30.5656604766846
4,"F7","0621.2Brn.Dn.2",29.0300064086914
4,"F8","0621.2Brn.Dn.2",29.0300064086914
4,"F9","0621.2Brn.Dn.2",29.0300064086914
4,"F10","0621.3Chk.Up.1",28.1773738861084
4,"F11","0621.3Chk.Up.1",28.1773738861084
4,"F12","0621.3Chk.Up.1",28.1773738861084
4,"G1","St7",35.9417152404785
4,"G2","St7",35.9417152404785
4,"G3","St7",35.9417152404785
4,"G4","0621.1Prt.Dn.1",33.7676544189453
4,"G5","0621.1Prt.Dn.1",33.7676544189453
4,"G6","0621.1Prt.Dn.1",33.7676544189453
4,"H1","St8",37.9087677001953
4,"H2","St8",37.9087677001953
4,"H3","St8",37.9087677001953
4,"H4","0621.1Prt.Dn.2",34.3169364929199
4,"H5","0621.1Prt.Dn.2",34.3169364929199
4,"H6","0621.1Prt.Dn.2",34.3169364929199
4,"H7","0621.2Brn.Up.1",NA
4,"H8","0621.2Brn.Up.1",NA
4,"H9","0621.2Brn.Up.1",NA
5,"A1","St1",21.7051467895508
5,"A2","St1",21.7051467895508
5,"A3","St1",21.7051467895508
5,"A4","0621.3Chk.Up.2",29.6392974853516
5,"A5","0621.3Chk.Up.2",29.6392974853516
5,"A6","0621.3Chk.Up.2",29.6392974853516
5,"B1","St2",25.0151748657227
5,"B2","St2",25.0151748657227
5,"B3","St2",25.0151748657227
5,"B4","0621.3Chk.Up.3",29.2813816070557
5,"B5","0621.3Chk.Up.3",29.2813816070557
5,"B6","0621.3Chk.Up.3",29.2813816070557
5,"B7","0721.1Prt.Dn.2",32.7232856750488
5,"B8","0721.1Prt.Dn.2",32.7232856750488
5,"B9","0721.1Prt.Dn.2",32.7232856750488
5,"B10","0721.2Brn.Up.1",NA
5,"B11","0721.2Brn.Up.1",NA
5,"B12","0721.2Brn.Up.1",NA
5,"C1","St3",28.3663578033447
5,"C2","St3",28.3663578033447
5,"C3","St3",28.3663578033447
5,"C4","0621.5Sqm.Dn.1",33.0995903015137
5,"C5","0621.5Sqm.Dn.1",33.0995903015137
5,"C6","0621.5Sqm.Dn.1",33.0995903015137
5,"C7","0721.1Prt.Dn.3",32.2334136962891
5,"C8","0721.1Prt.Dn.3",32.2334136962891
5,"C9","0721.1Prt.Dn.3",32.2334136962891
5,"C10","0721.2Brn.Up.2",NA
5,"C11","0721.2Brn.Up.2",NA
5,"C12","0721.2Brn.Up.2",NA
5,"D1","St4",31.6556091308594
5,"D2","St4",31.6556091308594
5,"D3","St4",31.6556091308594
5,"D4","0621.5Sqm.Dn.2",33.8164939880371
5,"D5","0621.5Sqm.Dn.2",33.8164939880371
5,"D6","0621.5Sqm.Dn.2",33.8164939880371
5,"D7","0721.1Prt.Up.1",33.6025657653809
5,"D8","0721.1Prt.Up.1",33.6025657653809
5,"D9","0721.1Prt.Up.1",33.6025657653809
5,"D10","0721.2Brn.Up.3",NA
5,"D11","0721.2Brn.Up.3",NA
5,"D12","0721.2Brn.Up.3",NA
5,"E1","St5",34.9446678161621
5,"E2","St5",34.9446678161621
5,"E3","St5",34.9446678161621
5,"E4","0621.5Sqm.Dn.3",32.7351188659668
5,"E5","0621.5Sqm.Dn.3",32.7351188659668
5,"E6","0621.5Sqm.Dn.3",32.7351188659668
5,"E7","0721.1Prt.Up.2",34.5001220703125
5,"E8","0721.1Prt.Up.2",34.5001220703125
5,"E9","0721.1Prt.Up.2",34.5001220703125
5,"E10","0721.3Chk.Dn.1",28.3823337554932
5,"E11","0721.3Chk.Dn.1",28.3823337554932
5,"E12","0721.3Chk.Dn.1",28.3823337554932
5,"F1","St6",36.5444068908691
5,"F2","St6",36.5444068908691
5,"F3","St6",36.5444068908691
5,"F4","0621.5Sqm.Up.1",33.0732040405273
5,"F5","0621.5Sqm.Up.1",33.0732040405273
5,"F6","0621.5Sqm.Up.1",33.0732040405273
5,"F7","0721.1Prt.Up.3",33.9236183166504
5,"F8","0721.1Prt.Up.3",33.9236183166504
5,"F9","0721.1Prt.Up.3",33.9236183166504
5,"F10","0721.3Chk.Dn.2",28.8108825683594
5,"F11","0721.3Chk.Dn.2",28.8108825683594
5,"F12","0721.3Chk.Dn.2",28.8108825683594
5,"G1","St7",37.9096260070801
5,"G2","St7",37.9096260070801
5,"G3","St7",37.9096260070801
5,"G4","0621.5Sqm.Up.2",32.6962776184082
5,"G5","0621.5Sqm.Up.2",32.6962776184082
5,"G6","0621.5Sqm.Up.2",32.6962776184082
5,"G7","0721.2Brn.Dn.1",30.855110168457
5,"G8","0721.2Brn.Dn.1",30.855110168457
5,"G9","0721.2Brn.Dn.1",30.855110168457
5,"H1","St8",37.927677154541
5,"H2","St8",37.927677154541
5,"H3","St8",37.927677154541
5,"H4","0621.5Sqm.Up.3",33.1257247924805
5,"H5","0621.5Sqm.Up.3",33.1257247924805
5,"H6","0621.5Sqm.Up.3",33.1257247924805
5,"H7","0721.2Brn.Dn.2",31.7934494018555
5,"H8","0721.2Brn.Dn.2",31.7934494018555
5,"H9","0721.2Brn.Dn.2",31.7934494018555
6,"A1","St1",20.0970211029053
6,"A2","St1",20.0970211029053
6,"A3","St1",20.0970211029053
6,"A4","0721.3Chk.Dn.3",27.6409320831299
6,"A5","0721.3Chk.Dn.3",27.6409320831299
6,"A6","0721.3Chk.Dn.3",27.6409320831299
6,"A7","0721.5Sqm.Up.2",26.3260173797607
6,"A8","0721.5Sqm.Up.2",26.3260173797607
6,"A9","0721.5Sqm.Up.2",26.3260173797607
6,"A10","0821.2Brn.Dn.1",29.7742519378662
6,"A11","0821.2Brn.Dn.1",29.7742519378662
6,"A12","0821.2Brn.Dn.1",29.7742519378662
6,"B1","St2",23.8012371063232
6,"B2","St2",23.8012371063232
6,"B3","St2",23.8012371063232
6,"B4","0721.3Chk.Up.1",26.4626178741455
6,"B5","0721.3Chk.Up.1",26.4626178741455
6,"B6","0721.3Chk.Up.1",26.4626178741455
6,"B7","0721.5Sqm.Up.3",27.1842651367188
6,"B8","0721.5Sqm.Up.3",27.1842651367188
6,"B9","0721.5Sqm.Up.3",27.1842651367188
6,"B10","0821.2Brn.Dn.2",28.8728313446045
6,"B11","0821.2Brn.Dn.2",28.8728313446045
6,"B12","0821.2Brn.Dn.2",28.8728313446045
6,"C1","St3",27.2096920013428
6,"C2","St3",27.2096920013428
6,"C3","St3",27.2096920013428
6,"C4","0721.3Chk.Up.2",26.7048282623291
6,"C5","0721.3Chk.Up.2",26.7048282623291
6,"C6","0721.3Chk.Up.2",26.7048282623291
6,"C10","0821.2Brn.Dn.3",29.0722255706787
6,"C11","0821.2Brn.Dn.3",29.0722255706787
6,"C12","0821.2Brn.Dn.3",29.0722255706787
6,"D1","St4",30.2531642913818
6,"D2","St4",30.2531642913818
6,"D3","St4",30.2531642913818
6,"D4","0721.3Chk.Up.3",26.1956329345703
6,"D5","0721.3Chk.Up.3",26.1956329345703
6,"D6","0721.3Chk.Up.3",26.1956329345703
6,"D10","0821.2Brn.Up.1",NA
6,"D11","0821.2Brn.Up.1",NA
6,"D12","0821.2Brn.Up.1",NA
6,"E1","St5",33.3084907531738
6,"E2","St5",33.3084907531738
6,"E3","St5",33.3084907531738
6,"E4","0721.5Sqm.Dn.1",29.8673114776611
6,"E5","0721.5Sqm.Dn.1",29.8673114776611
6,"E6","0721.5Sqm.Dn.1",29.8673114776611
6,"E10","0821.2Brn.Up.2",NA
6,"E11","0821.2Brn.Up.2",NA
6,"E12","0821.2Brn.Up.2",NA
6,"F1","St6",33.8653755187988
6,"F2","St6",33.8653755187988
6,"F3","St6",33.8653755187988
6,"F4","0721.5Sqm.Dn.2",28.9915790557861
6,"F5","0721.5Sqm.Dn.2",28.9915790557861
6,"F6","0721.5Sqm.Dn.2",28.9915790557861
6,"F7","0821.1Prt.Up.1",35.3385047912598
6,"F8","0821.1Prt.Up.1",35.3385047912598
6,"F9","0821.1Prt.Up.1",35.3385047912598
6,"F10","0821.2Brn.Up.3",NA
6,"F11","0821.2Brn.Up.3",NA
6,"F12","0821.2Brn.Up.3",NA
6,"G1","St7",35.5573234558105
6,"G2","St7",35.5573234558105
6,"G3","St7",35.5573234558105
6,"G4","0721.5Sqm.Dn.3",27.9827041625977
6,"G5","0721.5Sqm.Dn.3",27.9827041625977
6,"G6","0721.5Sqm.Dn.3",27.9827041625977
6,"H1","St8",35.1857376098633
6,"H2","St8",35.1857376098633
6,"H3","St8",35.1857376098633
6,"H4","0721.5Sqm.Up.1",26.7747707366943
6,"H5","0721.5Sqm.Up.1",26.7747707366943
6,"H6","0721.5Sqm.Up.1",26.7747707366943
9,"A1","St1",20.4719104766846
9,"A2","St1",20.4719104766846
9,"A3","St1",20.4719104766846
9,"A4","1021.2Brn.Up.3",NA
9,"A5","1021.2Brn.Up.3",NA
9,"A6","1021.2Brn.Up.3",NA
9,"A7","1021.5Sqm.Dn.2",37.5075035095215
9,"A8","1021.5Sqm.Dn.2",37.5075035095215
9,"A9","1021.5Sqm.Dn.2",37.5075035095215
9,"A10","1121.1Prt.Up.1",NA
9,"A11","1121.1Prt.Up.1",NA
9,"A12","1121.1Prt.Up.1",NA
9,"B1","St2",23.7034091949463
9,"B2","St2",23.7034091949463
9,"B3","St2",23.7034091949463
9,"B4","1021.3Chk.Dn.1",34.273380279541
9,"B5","1021.3Chk.Dn.1",34.273380279541
9,"B6","1021.3Chk.Dn.1",34.273380279541
9,"B7","1021.5Sqm.Dn.3",32.9059677124023
9,"B8","1021.5Sqm.Dn.3",32.9059677124023
9,"B9","1021.5Sqm.Dn.3",32.9059677124023
9,"B10","1121.1Prt.Up.2",NA
9,"B11","1121.1Prt.Up.2",NA
9,"B12","1121.1Prt.Up.2",NA
9,"C1","St3",27.0275268554688
9,"C2","St3",27.0275268554688
9,"C3","St3",27.0275268554688
9,"C4","1021.3Chk.Dn.2",37.6791839599609
9,"C5","1021.3Chk.Dn.2",37.6791839599609
9,"C6","1021.3Chk.Dn.2",37.6791839599609
9,"C7","1021.5Sqm.Up.1",33.4062347412109
9,"C8","1021.5Sqm.Up.1",33.4062347412109
9,"C9","1021.5Sqm.Up.1",33.4062347412109
9,"C10","1121.1Prt.Up.3",NA
9,"C11","1121.1Prt.Up.3",NA
9,"C12","1121.1Prt.Up.3",NA
9,"D1","St4",30.2396030426025
9,"D2","St4",30.2396030426025
9,"D3","St4",30.2396030426025
9,"D4","1021.3Chk.Dn.3",32.0968818664551
9,"D5","1021.3Chk.Dn.3",32.0968818664551
9,"D6","1021.3Chk.Dn.3",32.0968818664551
9,"D7","1021.5Sqm.Up.2",32.2250518798828
9,"D8","1021.5Sqm.Up.2",32.2250518798828
9,"D9","1021.5Sqm.Up.2",32.2250518798828
9,"E1","St5",33.2049560546875
9,"E2","St5",33.2049560546875
9,"E3","St5",33.2049560546875
9,"E4","1021.3Chk.Up.1",33.0987892150879
9,"E5","1021.3Chk.Up.1",33.0987892150879
9,"E6","1021.3Chk.Up.1",33.0987892150879
9,"E7","1021.5Sqm.Up.3",34.6523094177246
9,"E8","1021.5Sqm.Up.3",34.6523094177246
9,"E9","1021.5Sqm.Up.3",34.6523094177246
9,"E10","1121.2Brn.Dn.2",NA
9,"E11","1121.2Brn.Dn.2",NA
9,"E12","1121.2Brn.Dn.2",NA
9,"F1","St6",37.2272567749023
9,"F2","St6",37.2272567749023
9,"F3","St6",37.2272567749023
9,"F4","1021.3Chk.Up.2",31.6838932037354
9,"F5","1021.3Chk.Up.2",31.6838932037354
9,"F6","1021.3Chk.Up.2",31.6838932037354
9,"F7","1121.1Prt.Dn.1",32.7292823791504
9,"F8","1121.1Prt.Dn.1",32.7292823791504
9,"F9","1121.1Prt.Dn.1",32.7292823791504
9,"F10","1121.2Brn.Dn.3",NA
9,"F11","1121.2Brn.Dn.3",NA
9,"F12","1121.2Brn.Dn.3",NA
9,"G1","St7",35.5269660949707
9,"G2","St7",35.5269660949707
9,"G3","St7",35.5269660949707
9,"G4","1021.3Chk.Up.3",32.6774978637695
9,"G5","1021.3Chk.Up.3",32.6774978637695
9,"G6","1021.3Chk.Up.3",32.6774978637695
9,"G7","1121.1Prt.Dn.2",35.2390289306641
9,"G8","1121.1Prt.Dn.2",35.2390289306641
9,"G9","1121.1Prt.Dn.2",35.2390289306641
9,"H1","St8",35.6907539367676
9,"H2","St8",35.6907539367676
9,"H3","St8",35.6907539367676
9,"H4","1021.5Sqm.Dn.1",33.8706207275391
9,"H5","1021.5Sqm.Dn.1",33.8706207275391
9,"H6","1021.5Sqm.Dn.1",33.8706207275391
9,"H7","1121.1Prt.Dn.3",34.4761505126953
9,"H8","1121.1Prt.Dn.3",34.4761505126953
9,"H9","1121.1Prt.Dn.3",34.4761505126953
10,"A1","St1",20.4618072509766
10,"A2","St1",20.4618072509766
10,"A3","St1",20.4618072509766
10,"A4","1121.2Brn.Up.1",NA
10,"A5","1121.2Brn.Up.1",NA
10,"A6","1121.2Brn.Up.1",NA
10,"A7","1121.3Chk.Up.3",33.8305587768555
10,"A8","1121.3Chk.Up.3",33.8305587768555
10,"A9","1121.3Chk.Up.3",33.8305587768555
10,"A10","1221.1Prt.Dn.2",NA
10,"A11","1221.1Prt.Dn.2",NA
10,"A12","1221.1Prt.Dn.2",NA
10,"B1","St2",23.6868133544922
10,"B2","St2",23.6868133544922
10,"B3","St2",23.6868133544922
10,"B4","1121.2Brn.Up.2",NA
10,"B5","1121.2Brn.Up.2",NA
10,"B6","1121.2Brn.Up.2",NA
10,"B7","1121.5Sqm.Dn.1",35.634204864502
10,"B8","1121.5Sqm.Dn.1",35.634204864502
10,"B9","1121.5Sqm.Dn.1",35.634204864502
10,"B10","1221.1Prt.Dn.3",NA
10,"B11","1221.1Prt.Dn.3",NA
10,"B12","1221.1Prt.Dn.3",NA
10,"C1","St3",26.8069591522217
10,"C2","St3",26.8069591522217
10,"C3","St3",26.8069591522217
10,"C4","1121.2Brn.Up.3",NA
10,"C5","1121.2Brn.Up.3",NA
10,"C6","1121.2Brn.Up.3",NA
10,"C7","1121.5Sqm.Dn.2",35.9581680297852
10,"C8","1121.5Sqm.Dn.2",35.9581680297852
10,"C9","1121.5Sqm.Dn.2",35.9581680297852
10,"C10","1221.1Prt.Up.1",NA
10,"C11","1221.1Prt.Up.1",NA
10,"C12","1221.1Prt.Up.1",NA
10,"D1","St4",30.1929626464844
10,"D2","St4",30.1929626464844
10,"D3","St4",30.1929626464844
10,"D4","1121.3Chk.Dn.1",30.5744342803955
10,"D5","1121.3Chk.Dn.1",30.5744342803955
10,"D6","1121.3Chk.Dn.1",30.5744342803955
10,"D7","1121.5Sqm.Dn.3",33.8956527709961
10,"D8","1121.5Sqm.Dn.3",33.8956527709961
10,"D9","1121.5Sqm.Dn.3",33.8956527709961
10,"E1","St5",33.0580558776855
10,"E2","St5",33.0580558776855
10,"E3","St5",33.0580558776855
10,"E4","1121.3Chk.Dn.2",35.4067840576172
10,"E5","1121.3Chk.Dn.2",35.4067840576172
10,"E6","1121.3Chk.Dn.2",35.4067840576172
10,"E7","1121.5Sqm.Up.1",37.3559417724609
10,"E8","1121.5Sqm.Up.1",37.3559417724609
10,"E9","1121.5Sqm.Up.1",37.3559417724609
10,"F1","St6",35.3326148986816
10,"F2","St6",35.3326148986816
10,"F3","St6",35.3326148986816
10,"F4","1121.3Chk.Dn.3",32.1737022399902
10,"F5","1121.3Chk.Dn.3",32.1737022399902
10,"F6","1121.3Chk.Dn.3",32.1737022399902
10,"G1","St7",35.6623001098633
10,"G2","St7",35.6623001098633
10,"G3","St7",35.6623001098633
10,"G4","1121.3Chk.Up.1",34.6258125305176
10,"G5","1121.3Chk.Up.1",34.6258125305176
10,"G6","1121.3Chk.Up.1",34.6258125305176
10,"G7","1121.5Sqm.Up.3",37.5619888305664
10,"G8","1121.5Sqm.Up.3",37.5619888305664
10,"G9","1121.5Sqm.Up.3",37.5619888305664
10,"H1","St8",35.9207305908203
10,"H2","St8",35.9207305908203
10,"H3","St8",35.9207305908203
10,"H4","1121.3Chk.Up.2",32.3320579528809
10,"H5","1121.3Chk.Up.2",32.3320579528809
10,"H6","1121.3Chk.Up.2",32.3320579528809
10,"H7","1221.1Prt.Dn.1",37.3948936462402
10,"H8","1221.1Prt.Dn.1",37.3948936462402
10,"H9","1221.1Prt.Dn.1",37.3948936462402
11,"A1","St1",21.0561103820801
11,"A2","St1",21.0561103820801
11,"A3","St1",21.0561103820801
11,"A4","1221.2Brn.Dn.2",NA
11,"A5","1221.2Brn.Dn.2",NA
11,"A6","1221.2Brn.Dn.2",NA
11,"A7","1221.3Chk.Up.1",37.2537956237793
11,"A8","1221.3Chk.Up.1",37.2537956237793
11,"A9","1221.3Chk.Up.1",37.2537956237793
11,"B1","St2",24.2827587127686
11,"B2","St2",24.2827587127686
11,"B3","St2",24.2827587127686
11,"B4","1221.2Brn.Dn.3",36.5468254089355
11,"B5","1221.2Brn.Dn.3",36.5468254089355
11,"B6","1221.2Brn.Dn.3",36.5468254089355
11,"B7","1221.3Chk.Up.2",36.9855842590332
11,"B8","1221.3Chk.Up.2",36.9855842590332
11,"B9","1221.3Chk.Up.2",36.9855842590332
11,"B10","0122.1Prt.Dn.1",33.7166938781738
11,"B11","0122.1Prt.Dn.1",33.7166938781738
11,"B12","0122.1Prt.Dn.1",33.7166938781738
11,"C1","St3",27.5763778686523
11,"C2","St3",27.5763778686523
11,"C3","St3",27.5763778686523
11,"C4","1221.2Brn.Up.1",NA
11,"C5","1221.2Brn.Up.1",NA
11,"C6","1221.2Brn.Up.1",NA
11,"C7","1221.3Chk.Up.3",36.6262054443359
11,"C8","1221.3Chk.Up.3",36.6262054443359
11,"C9","1221.3Chk.Up.3",36.6262054443359
11,"C10","0122.1Prt.Dn.2",34.2862701416016
11,"C11","0122.1Prt.Dn.2",34.2862701416016
11,"C12","0122.1Prt.Dn.2",34.2862701416016
11,"D1","St4",30.7331600189209
11,"D2","St4",30.7331600189209
11,"D3","St4",30.7331600189209
11,"D4","1221.2Brn.Up.2",NA
11,"D5","1221.2Brn.Up.2",NA
11,"D6","1221.2Brn.Up.2",NA
11,"D10","0122.1Prt.Dn.3",32.2760391235352
11,"D11","0122.1Prt.Dn.3",32.2760391235352
11,"D12","0122.1Prt.Dn.3",32.2760391235352
11,"E1","St5",34.1802177429199
11,"E2","St5",34.1802177429199
11,"E3","St5",34.1802177429199
11,"E4","1221.2Brn.Up.3",NA
11,"E5","1221.2Brn.Up.3",NA
11,"E6","1221.2Brn.Up.3",NA
11,"F1","St6",35.0793266296387
11,"F2","St6",35.0793266296387
11,"F3","St6",35.0793266296387
11,"F4","1221.3Chk.Dn.1",36.403003692627
11,"F5","1221.3Chk.Dn.1",36.403003692627
11,"F6","1221.3Chk.Dn.1",36.403003692627
11,"F7","1221.5Sqm.Dn.3",31.7270984649658
11,"F8","1221.5Sqm.Dn.3",31.7270984649658
11,"F9","1221.5Sqm.Dn.3",31.7270984649658
11,"F10","0122.1Prt.Up.2",34.0125427246094
11,"F11","0122.1Prt.Up.2",34.0125427246094
11,"F12","0122.1Prt.Up.2",34.0125427246094
11,"G1","St7",35.5803413391113
11,"G2","St7",35.5803413391113
11,"G3","St7",35.5803413391113
11,"G4","1221.3Chk.Dn.2",35.041431427002
11,"G5","1221.3Chk.Dn.2",35.041431427002
11,"G6","1221.3Chk.Dn.2",35.041431427002
11,"H1","St8",36.2236671447754
11,"H2","St8",36.2236671447754
11,"H3","St8",36.2236671447754
11,"H4","1221.3Chk.Dn.3",37.8677635192871
11,"H5","1221.3Chk.Dn.3",37.8677635192871
11,"H6","1221.3Chk.Dn.3",37.8677635192871
11,"H7","1221.5Sqm.Up.2",34.5268859863281
11,"H8","1221.5Sqm.Up.2",34.5268859863281
11,"H9","1221.5Sqm.Up.2",34.5268859863281
13,"A1","St1",22.4971599578857
13,"A2","St1",22.4971599578857
13,"A3","St1",22.4971599578857
13,"A4","0222.1Prt.Up.1",35.4346542358398
13,"A5","0222.1Prt.Up.1",35.4346542358398
13,"A6","0222.1Prt.Up.1",35.4346542358398
13,"A7","0222.2Brn.Up.3",NA
13,"A8","0222.2Brn.Up.3",NA
13,"A9","0222.2Brn.Up.3",NA
13,"A10","0222.5Sqm.Dn.2",NA
13,"A11","0222.5Sqm.Dn.2",NA
13,"A12","0222.5Sqm.Dn.2",NA
13,"B1","St2",25.574254989624
13,"B2","St2",25.574254989624
13,"B3","St2",25.574254989624
13,"B4","0222.1Prt.Up.2",34.6959991455078
13,"B5","0222.1Prt.Up.2",34.6959991455078
13,"B6","0222.1Prt.Up.2",34.6959991455078
13,"B7","0222.3Chk.Dn.1",36.8463592529297
13,"B8","0222.3Chk.Dn.1",36.8463592529297
13,"B9","0222.3Chk.Dn.1",36.8463592529297
13,"C1","St3",28.7663803100586
13,"C2","St3",28.7663803100586
13,"C3","St3",28.7663803100586
13,"C4","0222.1Prt.Up.3",35.0513496398926
13,"C5","0222.1Prt.Up.3",35.0513496398926
13,"C6","0222.1Prt.Up.3",35.0513496398926
13,"C7","0222.3Chk.Dn.2",NA
13,"C8","0222.3Chk.Dn.2",NA
13,"C9","0222.3Chk.Dn.2",NA
13,"C10","0222.5Sqm.Up.1",NA
13,"C11","0222.5Sqm.Up.1",NA
13,"C12","0222.5Sqm.Up.1",NA
13,"D1","St4",31.6063365936279
13,"D2","St4",31.6063365936279
13,"D3","St4",31.6063365936279
13,"D4","0222.2Brn.Dn.1",37.6353874206543
13,"D5","0222.2Brn.Dn.1",37.6353874206543
13,"D6","0222.2Brn.Dn.1",37.6353874206543
13,"D7","0222.3Chk.Dn.3",NA
13,"D8","0222.3Chk.Dn.3",NA
13,"D9","0222.3Chk.Dn.3",NA
13,"E1","St5",34.7312164306641
13,"E2","St5",34.7312164306641
13,"E3","St5",34.7312164306641
13,"E4","0222.2Brn.Dn.2",33.9268455505371
13,"E5","0222.2Brn.Dn.2",33.9268455505371
13,"E6","0222.2Brn.Dn.2",33.9268455505371
13,"E7","0222.3Chk.Up.1",NA
13,"E8","0222.3Chk.Up.1",NA
13,"E9","0222.3Chk.Up.1",NA
13,"F1","St6",36.7281913757324
13,"F2","St6",36.7281913757324
13,"F3","St6",36.7281913757324
13,"F4","0222.2Brn.Dn.3",37.7491111755371
13,"F5","0222.2Brn.Dn.3",37.7491111755371
13,"F6","0222.2Brn.Dn.3",37.7491111755371
13,"F7","0222.3Chk.Up.2",NA
13,"F8","0222.3Chk.Up.2",NA
13,"F9","0222.3Chk.Up.2",NA
13,"G1","St7",36.4267044067383
13,"G2","St7",36.4267044067383
13,"G3","St7",36.4267044067383
13,"G4","0222.2Brn.Up.1",NA
13,"G5","0222.2Brn.Up.1",NA
13,"G6","0222.2Brn.Up.1",NA
13,"H1","St8",40.9398078918457
13,"H2","St8",40.9398078918457
13,"H3","St8",40.9398078918457
13,"H4","0222.2Brn.Up.2",NA
13,"H5","0222.2Brn.Up.2",NA
13,"H6","0222.2Brn.Up.2",NA
7,"A1","St1",22.6737365722656
7,"A2","St1",22.6737365722656
7,"A3","St1",22.6737365722656
7,"A4","0821.3Chk.Dn.1",30.4760723114014
7,"A5","0821.3Chk.Dn.1",30.4760723114014
7,"A6","0821.3Chk.Dn.1",30.4760723114014
7,"A7","0821.5Sqm.Dn.3",29.9623870849609
7,"A8","0821.5Sqm.Dn.3",29.9623870849609
7,"A9","0821.5Sqm.Dn.3",29.9623870849609
7,"A10","0921.1Prt.Up.2",35.6877479553223
7,"A11","0921.1Prt.Up.2",35.6877479553223
7,"A12","0921.1Prt.Up.2",35.6877479553223
7,"B1","St2",26.0602779388428
7,"B2","St2",26.0602779388428
7,"B3","St2",26.0602779388428
7,"B4","0821.3Chk.Dn.2",31.1693706512451
7,"B5","0821.3Chk.Dn.2",31.1693706512451
7,"B6","0821.3Chk.Dn.2",31.1693706512451
7,"B7","0821.5Sqm.Up.1",25.7684726715088
7,"B8","0821.5Sqm.Up.1",25.7684726715088
7,"B9","0821.5Sqm.Up.1",25.7684726715088
7,"B10","0921.1Prt.Up.3",37.2816200256348
7,"B11","0921.1Prt.Up.3",37.2816200256348
7,"B12","0921.1Prt.Up.3",37.2816200256348
7,"C1","St3",29.2487087249756
7,"C2","St3",29.2487087249756
7,"C3","St3",29.2487087249756
7,"C4","0821.3Chk.Dn.3",34.9527244567871
7,"C5","0821.3Chk.Dn.3",34.9527244567871
7,"C6","0821.3Chk.Dn.3",34.9527244567871
7,"C7","0821.5Sqm.Up.2",25.8619079589844
7,"C8","0821.5Sqm.Up.2",25.8619079589844
7,"C9","0821.5Sqm.Up.2",25.8619079589844
7,"C10","0921.2Brn.Dn.1",36.247314453125
7,"C11","0921.2Brn.Dn.1",36.247314453125
7,"C12","0921.2Brn.Dn.1",36.247314453125
7,"D1","St4",32.7327919006348
7,"D2","St4",32.7327919006348
7,"D3","St4",32.7327919006348
7,"D4","0821.3Chk.Up.1",27.1670532226562
7,"D5","0821.3Chk.Up.1",27.1670532226562
7,"D6","0821.3Chk.Up.1",27.1670532226562
7,"D7","0821.5Sqm.Up.3",25.5415058135986
7,"D8","0821.5Sqm.Up.3",25.5415058135986
7,"D9","0821.5Sqm.Up.3",25.5415058135986
7,"D10","0921.2Brn.Dn.2",35.2074699401855
7,"D11","0921.2Brn.Dn.2",35.2074699401855
7,"D12","0921.2Brn.Dn.2",35.2074699401855
7,"E1","St5",36.717601776123
7,"E2","St5",36.717601776123
7,"E3","St5",36.717601776123
7,"E4","0821.3Chk.Up.2",28.1567859649658
7,"E5","0821.3Chk.Up.2",28.1567859649658
7,"E6","0821.3Chk.Up.2",28.1567859649658
7,"E7","0921.1Prt.Dn.1",35.7615203857422
7,"E8","0921.1Prt.Dn.1",35.7615203857422
7,"E9","0921.1Prt.Dn.1",35.7615203857422
7,"E10","0921.2Brn.Dn.3",35.3388557434082
7,"E11","0921.2Brn.Dn.3",35.3388557434082
7,"E12","0921.2Brn.Dn.3",35.3388557434082
7,"F1","St6",36.4728164672852
7,"F2","St6",36.4728164672852
7,"F3","St6",36.4728164672852
7,"F4","0821.3Chk.Up.3",27.746955871582
7,"F5","0821.3Chk.Up.3",27.746955871582
7,"F6","0821.3Chk.Up.3",27.746955871582
7,"F7","0921.1Prt.Dn.2",36.4615669250488
7,"F8","0921.1Prt.Dn.2",36.4615669250488
7,"F9","0921.1Prt.Dn.2",36.4615669250488
7,"F10","0921.2Brn.Up.1",NA
7,"F11","0921.2Brn.Up.1",NA
7,"F12","0921.2Brn.Up.1",NA
7,"G1","St7",37.3238945007324
7,"G2","St7",37.3238945007324
7,"G3","St7",37.3238945007324
7,"G7","0921.1Prt.Dn.3",34.9245643615723
7,"G8","0921.1Prt.Dn.3",34.9245643615723
7,"G9","0921.1Prt.Dn.3",34.9245643615723
7,"H1","St8",38.6090431213379
7,"H2","St8",38.6090431213379
7,"H3","St8",38.6090431213379
7,"H7","0921.1Prt.Up.1",33.6744728088379
7,"H8","0921.1Prt.Up.1",33.6744728088379
7,"H9","0921.1Prt.Up.1",33.6744728088379
8,"A1","St1",23.4091491699219
8,"A2","St1",23.4091491699219
8,"A3","St1",23.4091491699219
8,"A4","0921.2Brn.Up.2",NA
8,"A5","0921.2Brn.Up.2",NA
8,"A6","0921.2Brn.Up.2",NA
8,"A7","0921.5Sqm.Dn.1",36.5127143859863
8,"A8","0921.5Sqm.Dn.1",36.5127143859863
8,"A9","0921.5Sqm.Dn.1",36.5127143859863
8,"A10","1021.1Prt.Up.3",37.6983757019043
8,"A11","1021.1Prt.Up.3",37.6983757019043
8,"A12","1021.1Prt.Up.3",37.6983757019043
8,"B1","St2",26.7907619476318
8,"B2","St2",26.7907619476318
8,"B3","St2",26.7907619476318
8,"B4","0921.2Brn.Up.3",NA
8,"B5","0921.2Brn.Up.3",NA
8,"B6","0921.2Brn.Up.3",NA
8,"B7","0921.5Sqm.Dn.2",35.0393943786621
8,"B8","0921.5Sqm.Dn.2",35.0393943786621
8,"B9","0921.5Sqm.Dn.2",35.0393943786621
8,"B10","1021.2Brn.Dn.1",35.6968841552734
8,"B11","1021.2Brn.Dn.1",35.6968841552734
8,"B12","1021.2Brn.Dn.1",35.6968841552734
8,"C1","St3",29.9528636932373
8,"C2","St3",29.9528636932373
8,"C3","St3",29.9528636932373
8,"C4","0921.3Chk.Dn.1",29.6385250091553
8,"C5","0921.3Chk.Dn.1",29.6385250091553
8,"C6","0921.3Chk.Dn.1",29.6385250091553
8,"C7","0921.5Sqm.Dn.3",37.2092704772949
8,"C8","0921.5Sqm.Dn.3",37.2092704772949
8,"C9","0921.5Sqm.Dn.3",37.2092704772949
8,"C10","1021.2Brn.Dn.2",33.6309280395508
8,"C11","1021.2Brn.Dn.2",33.6309280395508
8,"C12","1021.2Brn.Dn.2",33.6309280395508
8,"D1","St4",33.2822532653809
8,"D2","St4",33.2822532653809
8,"D3","St4",33.2822532653809
8,"D4","0921.3Chk.Dn.2",31.7573471069336
8,"D5","0921.3Chk.Dn.2",31.7573471069336
8,"D6","0921.3Chk.Dn.2",31.7573471069336
8,"D7","1021.1Prt.Dn.1",35.8949737548828
8,"D8","1021.1Prt.Dn.1",35.8949737548828
8,"D9","1021.1Prt.Dn.1",35.8949737548828
8,"D10","1021.2Brn.Dn.3",33.7939567565918
8,"D11","1021.2Brn.Dn.3",33.7939567565918
8,"D12","1021.2Brn.Dn.3",33.7939567565918
8,"E1","St5",36.6508598327637
8,"E2","St5",36.6508598327637
8,"E3","St5",36.6508598327637
8,"E4","0921.3Chk.Dn.3",29.5575580596924
8,"E5","0921.3Chk.Dn.3",29.5575580596924
8,"E6","0921.3Chk.Dn.3",29.5575580596924
8,"E7","1021.1Prt.Dn.2",34.277961730957
8,"E8","1021.1Prt.Dn.2",34.277961730957
8,"E9","1021.1Prt.Dn.2",34.277961730957
8,"E10","1021.2Brn.Up.1",NA
8,"E11","1021.2Brn.Up.1",NA
8,"E12","1021.2Brn.Up.1",NA
8,"F1","St6",38.3083000183105
8,"F2","St6",38.3083000183105
8,"F3","St6",38.3083000183105
8,"F4","0921.3Chk.Up.1",26.9146785736084
8,"F5","0921.3Chk.Up.1",26.9146785736084
8,"F6","0921.3Chk.Up.1",26.9146785736084
8,"F7","1021.1Prt.Dn.3",36.5181999206543
8,"F8","1021.1Prt.Dn.3",36.5181999206543
8,"F9","1021.1Prt.Dn.3",36.5181999206543
8,"F10","1021.2Brn.Up.2",NA
8,"F11","1021.2Brn.Up.2",NA
8,"F12","1021.2Brn.Up.2",NA
8,"G1","St7",37.6535720825195
8,"G2","St7",37.6535720825195
8,"G3","St7",37.6535720825195
8,"G4","0921.3Chk.Up.2",27.098840713501
8,"G5","0921.3Chk.Up.2",27.098840713501
8,"G6","0921.3Chk.Up.2",27.098840713501
8,"G7","1021.1Prt.Up.1",34.9439163208008
8,"G8","1021.1Prt.Up.1",34.9439163208008
8,"G9","1021.1Prt.Up.1",34.9439163208008
8,"H1","St8",40.2898063659668
8,"H2","St8",40.2898063659668
8,"H3","St8",40.2898063659668
8,"H4","0921.3Chk.Up.3",27.1793975830078
8,"H5","0921.3Chk.Up.3",27.1793975830078
8,"H6","0921.3Chk.Up.3",27.1793975830078
8,"H7","1021.1Prt.Up.2",35.7166137695312
8,"H8","1021.1Prt.Up.2",35.7166137695312
8,"H9","1021.1Prt.Up.2",35.7166137695312
12,"A1","St1",20.8062763214111
12,"A2","St1",20.8062763214111
12,"A3","St1",20.8062763214111
12,"A10","0122.5Sqm.Up.1",34.8966865539551
12,"A11","0122.5Sqm.Up.1",34.8966865539551
12,"A12","0122.5Sqm.Up.1",34.8966865539551
12,"B1","St2",23.7992324829102
12,"B2","St2",23.7992324829102
12,"B3","St2",23.7992324829102
12,"B10","0122.5Sqm.Up.2",35.0382118225098
12,"B11","0122.5Sqm.Up.2",35.0382118225098
12,"B12","0122.5Sqm.Up.2",35.0382118225098
12,"C1","St3",27.2930011749268
12,"C2","St3",27.2930011749268
12,"C3","St3",27.2930011749268
12,"C10","0122.5Sqm.Up.3",34.67919921875
12,"C11","0122.5Sqm.Up.3",34.67919921875
12,"C12","0122.5Sqm.Up.3",34.67919921875
12,"D1","St4",30.2187557220459
12,"D2","St4",30.2187557220459
12,"D3","St4",30.2187557220459
12,"D4","0122.2Brn.Dn.3",34.406005859375
12,"D5","0122.2Brn.Dn.3",34.406005859375
12,"D6","0122.2Brn.Dn.3",34.406005859375
12,"D10","0222.1Prt.Dn.1",33.4211692810059
12,"D11","0222.1Prt.Dn.1",33.4211692810059
12,"D12","0222.1Prt.Dn.1",33.4211692810059
12,"E1","St5",33.4520835876465
12,"E2","St5",33.4520835876465
12,"E3","St5",33.4520835876465
12,"E4","0122.2Brn.Up.1",NA
12,"E5","0122.2Brn.Up.1",NA
12,"E6","0122.2Brn.Up.1",NA
12,"E10","0222.1Prt.Dn.2",34.3839988708496
12,"E11","0222.1Prt.Dn.2",34.3839988708496
12,"E12","0222.1Prt.Dn.2",34.3839988708496
12,"F1","St6",34.8300437927246
12,"F2","St6",34.8300437927246
12,"F3","St6",34.8300437927246
12,"F4","0122.2Brn.Up.2",NA
12,"F5","0122.2Brn.Up.2",NA
12,"F6","0122.2Brn.Up.2",NA
12,"F7","0122.5Sqm.Dn.1",31.4624652862549
12,"F8","0122.5Sqm.Dn.1",31.4624652862549
12,"F9","0122.5Sqm.Dn.1",31.4624652862549
12,"F10","0222.1Prt.Dn.3",33.8844909667969
12,"F11","0222.1Prt.Dn.3",33.8844909667969
12,"F12","0222.1Prt.Dn.3",33.8844909667969
12,"G1","St7",36.2002105712891
12,"G2","St7",36.2002105712891
12,"G3","St7",36.2002105712891
12,"G4","0122.2Brn.Up.3",NA
12,"G5","0122.2Brn.Up.3",NA
12,"G6","0122.2Brn.Up.3",NA
12,"H1","St8",37.7225608825684
12,"H2","St8",37.7225608825684
12,"H3","St8",37.7225608825684
14,"A1","St1",24.244270324707
14,"A2","St1",24.244270324707
14,"A3","St1",24.244270324707
14,"A10","0321.5Sqm.Up.3",37.285083770752
14,"A11","0321.5Sqm.Up.3",37.285083770752
14,"A12","0321.5Sqm.Up.3",37.285083770752
14,"B1","St2",27.3653507232666
14,"B2","St2",27.3653507232666
14,"B3","St2",27.3653507232666
14,"B10","0421.3Chk.Up.3",37.7680931091309
14,"B11","0421.3Chk.Up.3",37.7680931091309
14,"B12","0421.3Chk.Up.3",37.7680931091309
14,"C1","St3",30.5474224090576
14,"C2","St3",30.5474224090576
14,"C3","St3",30.5474224090576
14,"C10","0421.1Prt.Dn.3",35.2573890686035
14,"C11","0421.1Prt.Dn.3",35.2573890686035
14,"C12","0421.1Prt.Dn.3",35.2573890686035
14,"D1","St4",32.8606376647949
14,"D2","St4",32.8606376647949
14,"D3","St4",32.8606376647949
14,"D10","0421.2Brn.Up.2",NA
14,"D11","0421.2Brn.Up.2",NA
14,"D12","0421.2Brn.Up.2",NA
14,"E1","St5",36.6086730957031
14,"E2","St5",36.6086730957031
14,"E3","St5",36.6086730957031
14,"E7","0321.5Sqm.Dn.1",37.017765045166
14,"E8","0321.5Sqm.Dn.1",37.017765045166
14,"E9","0321.5Sqm.Dn.1",37.017765045166
14,"E10","0421.Sqm.Dn.1",38.0676002502441
14,"E11","0421.Sqm.Dn.1",38.0676002502441
14,"E12","0421.Sqm.Dn.1",38.0676002502441
14,"F1","St6",39.6862487792969
14,"F2","St6",39.6862487792969
14,"F3","St6",39.6862487792969
14,"F7","0321.5Sqm.Dn.2",37.2870635986328
14,"F8","0321.5Sqm.Dn.2",37.2870635986328
14,"F9","0321.5Sqm.Dn.2",37.2870635986328
14,"F10","0421.Sqm.Dn.2",36.1223258972168
14,"F11","0421.Sqm.Dn.2",36.1223258972168
14,"F12","0421.Sqm.Dn.2",36.1223258972168
14,"G1","St7",39.7882270812988
14,"G2","St7",39.7882270812988
14,"G3","St7",39.7882270812988
14,"G7","0321.5Sqm.Dn.3",38.6328392028809
14,"G8","0321.5Sqm.Dn.3",38.6328392028809
14,"G9","0321.5Sqm.Dn.3",38.6328392028809
14,"H1","St8",39.2665519714355
14,"H2","St8",39.2665519714355
14,"H3","St8",39.2665519714355
14,"H7","0321.5Sqm.Up.1",37.9756393432617
14,"H8","0321.5Sqm.Up.1",37.9756393432617
14,"H9","0321.5Sqm.Up.1",37.9756393432617
15,"A1","St1",22.5547866821289
15,"A2","St1",22.5547866821289
15,"A3","St1",22.5547866821289
15,"A4","0421.1Prt.Up.2",34.0758476257324
15,"A5","0421.1Prt.Up.2",34.0758476257324
15,"A6","0421.1Prt.Up.2",34.0758476257324
15,"A7","0721.1Prt.Dn.1",37.2599906921387
15,"A8","0721.1Prt.Dn.1",37.2599906921387
15,"A9","0721.1Prt.Dn.1",37.2599906921387
15,"A10","1121.2Brn.Dn.1",37.5940132141113
15,"A11","1121.2Brn.Dn.1",37.5940132141113
15,"A12","1121.2Brn.Dn.1",37.5940132141113
15,"B1","St2",26.2754039764404
15,"B2","St2",26.2754039764404
15,"B3","St2",26.2754039764404
15,"B4","0421.5Sqm.Dn.3",35.2725524902344
15,"B5","0421.5Sqm.Dn.3",35.2725524902344
15,"B6","0421.5Sqm.Dn.3",35.2725524902344
15,"B7","0721.2Brn.Dn.3",36.5999450683594
15,"B8","0721.2Brn.Dn.3",36.5999450683594
15,"B9","0721.2Brn.Dn.3",36.5999450683594
15,"B10","1121.2Brn.Dn.2",38.7985000610352
15,"B11","1121.2Brn.Dn.2",38.7985000610352
15,"B12","1121.2Brn.Dn.2",38.7985000610352
15,"C1","St3",29.7552280426025
15,"C2","St3",29.7552280426025
15,"C3","St3",29.7552280426025
15,"C4","0421.5Sqm.Up.1",35.5730895996094
15,"C5","0421.5Sqm.Up.1",35.5730895996094
15,"C6","0421.5Sqm.Up.1",35.5730895996094
15,"C7","0821.1Prt.Dn.1",36.469051361084
15,"C8","0821.1Prt.Dn.1",36.469051361084
15,"C9","0821.1Prt.Dn.1",36.469051361084
15,"C10","1121.2Brn.Dn.3",NA
15,"C11","1121.2Brn.Dn.3",NA
15,"C12","1121.2Brn.Dn.3",NA
15,"D1","St4",33.3035926818848
15,"D2","St4",33.3035926818848
15,"D3","St4",33.3035926818848
15,"D4","0421.5Sqm.Up.2",35.2714500427246
15,"D5","0421.5Sqm.Up.2",35.2714500427246
15,"D6","0421.5Sqm.Up.2",35.2714500427246
15,"D7","0821.1Prt.Dn.2",36.3631248474121
15,"D8","0821.1Prt.Dn.2",36.3631248474121
15,"D9","0821.1Prt.Dn.2",36.3631248474121
15,"D10","1221.1Prt.Dn.2",34.3333206176758
15,"D11","1221.1Prt.Dn.2",34.3333206176758
15,"D12","1221.1Prt.Dn.2",34.3333206176758
15,"E1","St5",36.929313659668
15,"E2","St5",36.929313659668
15,"E3","St5",36.929313659668
15,"E4","0421.5Sqm.Up.3",34.897216796875
15,"E5","0421.5Sqm.Up.3",34.897216796875
15,"E6","0421.5Sqm.Up.3",34.897216796875
15,"E7","0821.1Prt.Dn.3",36.4495735168457
15,"E8","0821.1Prt.Dn.3",36.4495735168457
15,"E9","0821.1Prt.Dn.3",36.4495735168457
15,"E10","1221.1Prt.Up.2",38.2264595031738
15,"E11","1221.1Prt.Up.2",38.2264595031738
15,"E12","1221.1Prt.Up.2",38.2264595031738
15,"F1","St6",38.9247932434082
15,"F2","St6",38.9247932434082
15,"F3","St6",38.9247932434082
15,"F4","0621.2Brn.Up.2",NA
15,"F5","0621.2Brn.Up.2",NA
15,"F6","0621.2Brn.Up.2",NA
15,"F7","0821.1Prt.Up.2",38.0663070678711
15,"F8","0821.1Prt.Up.2",38.0663070678711
15,"F9","0821.1Prt.Up.2",38.0663070678711
15,"F10","1221.1Prt.Up.3",36.4214286804199
15,"F11","1221.1Prt.Up.3",36.4214286804199
15,"F12","1221.1Prt.Up.3",36.4214286804199
15,"G1","St7",39.6911430358887
15,"G2","St7",39.6911430358887
15,"G3","St7",39.6911430358887
15,"G4","0621.2Brn.Dn.1",33.1241455078125
15,"G5","0621.2Brn.Dn.1",33.1241455078125
15,"G6","0621.2Brn.Dn.1",33.1241455078125
15,"G7","0821.1Prt.Up.3",38.3141670227051
15,"G8","0821.1Prt.Up.3",38.3141670227051
15,"G9","0821.1Prt.Up.3",38.3141670227051
15,"H1","St8",38.8039131164551
15,"H2","St8",38.8039131164551
15,"H3","St8",38.8039131164551
15,"H4","0621.2Brn.Dn.3",32.5484580993652
15,"H5","0621.2Brn.Dn.3",32.5484580993652
15,"H6","0621.2Brn.Dn.3",32.5484580993652
15,"H7","1121.1Prt.Up.3",38.3572082519531
15,"H8","1121.1Prt.Up.3",38.3572082519531
15,"H9","1121.1Prt.Up.3",38.3572082519531
